Time,ID,Lat,Lon,Alt,WiFi networks,SSID1,MAC1,Frequncy1,Signal1,SSID2,MAC2,Frequncy2,Signal2,SSID3,MAC3,Frequncy3,Signal3,SSID4,MAC4,Frequncy4,Signal4,SSID5,MAC5,Frequncy5,Signal5,SSID6,MAC6,Frequncy6,Signal6,SSID7,MAC7,Frequncy7,Signal7,SSID8,MAC8,Frequncy8,Signal8,SSID9,MAC9,Frequncy9,Signal9,SSID10,MAC10,Frequncy10,Signal10
2017-11-09 14:54:18,GT-N7100,32.1041010114005,35.210677641326,693.831831436445,10,Ariel_University,8c:0c:90:2e:e8:18,6,-70,Ariel_University,1c:b9:c4:15:ed:3c,44,-80,Ariel_University,8c:0c:90:2d:34:38,11,-84,,1c:b9:c4:95:41:77,44,-85,Ariel_University,1c:b9:c4:15:41:7c,44,-85,Ariel_University,1c:b9:c4:16:e8:f8,1,-86,Ariel_University,1c:b9:c4:16:06:bc,36,-86,Ariel_University,1c:b9:c4:15:ed:38,6,-87,Ariel_University,1c:b9:c4:15:41:78,11,-89,Ariel_University,1c:b9:c4:16:06:b8,1,-90
2017-11-09 14:54:27,GT-N7100,32.1040306142341,35.2109497706651,721.065776484445,2,Ariel_University,8c:0c:90:2f:d3:d8,11,-88,Ariel_University,24:79:2a:2b:24:98,1,-93,,,,,,,,,,,,,,,,,,,,,,,,
2017-11-09 14:54:29,GT-N7100,32.1040260885451,35.2109290171235,718.89917995447,1,,1c:b9:c4:96:06:b7,36,-84,,,,,,,,,,,,,,,,,,,,,,,,,,,
2017-11-09 14:54:35,GT-N7100,32.1040101140465,35.2108332485327,698.664411752736,4,Ariel_University,8c:0c:90:2d:34:38,11,-75,Ariel_University,1c:b9:c4:15:ed:38,6,-79,Ariel_University,24:79:2a:2c:61:6c,36,-86,Ariel_University,24:79:2a:2b:24:9c,36,-88,,,,,,,,,,,,,,,,,,
2017-11-09 14:54:38,GT-N7100,32.1040101140465,35.2108332485327,698.476602680071,2,Ariel_University,24:79:2a:2b:24:98,1,-82,Ariel_University,24:79:2a:2b:bd:88,11,-96,,,,,,,,,,,,,,,,,,,,,,,,
2017-11-09 14:54:41,GT-N7100,32.1040287143518,35.2107292839355,700.123839223917,1,Ariel_University,24:79:2a:2c:61:68,6,-87,,,,,,,,,,,,,,,,,,,,,,,,,,,
2017-11-09 14:54:44,GT-N7100,32.1040230287943,35.2106893636816,697.61861328225,1,Ariel_University,1c:b9:c4:16:06:b8,1,-85,,,,,,,,,,,,,,,,,,,,,,,,,,,
2017-11-09 14:54:49,GT-N7100,32.1039946062907,35.2105969981693,688.327802881855,1,Ariel_University,24:79:2a:2c:5c:18,11,-93,,,,,,,,,,,,,,,,,,,,,,,,,,,
2017-11-09 14:54:56,GT-N7100,32.1039292336598,35.2105333201894,688.194659473048,5,Ariel_University,24:79:2a:2c:5c:18,11,-84,Ariel_University,24:79:2a:2b:bd:88,11,-87,Ariel_University,1c:b9:c4:16:06:b8,1,-80,Ariel_University,24:79:2a:2b:07:b8,11,-93,Ariel_University,24:79:2a:2c:5b:d8,1,-95,,,,,,,,,,,,,,,
2017-11-09 14:55:07,GT-N7100,32.1039464068303,35.2103935057855,689.809914659725,6,Ariel_University,1c:b9:c4:16:06:bc,36,-81,Ariel_University,24:79:2a:2b:bd:8c,44,-84,Ariel_University,24:79:2a:2c:5c:1c,36,-84,Ariel_University,24:79:2a:2c:5b:dc,36,-89,Ariel_University,24:79:2a:2b:07:b8,11,-88,Ariel_University,8c:0c:90:2e:16:88,8,-94,,,,,,,,,,,,
2017-11-09 14:55:11,GT-N7100,32.1039522417507,35.210354948716,690.192213636699,4,Ariel_University,24:79:2a:2c:5c:18,11,-77,DIRECT-51-HP DeskJet 3630 series,3c:52:82:ef:d4:52,6,-95,Ariel_University,24:79:2a:2b:07:bc,36,-91,Ariel_University,1c:b9:c4:15:fd:48,1,-93,,,,,,,,,,,,,,,,,,
2017-11-09 14:55:15,GT-N7100,32.1038816091871,35.210284786092,690.414901154911,2,Ariel_University,24:79:2a:2c:5b:d8,1,-87,Ariel_University,1c:b9:c4:16:1d:78,11,-90,,,,,,,,,,,,,,,,,,,,,,,,
2017-11-09 14:55:19,GT-N7100,32.1038394100523,35.2102418799643,690.47627849268,4,Ariel_University,1c:b9:c4:16:06:b8,1,-73,Ariel_University,1c:b9:c4:16:06:bc,36,-75,Ariel_University,1c:b9:c4:16:e5:ac,52,-87,Ariel_University,1c:b9:c4:16:1d:7c,44,-90,,,,,,,,,,,,,,,,,,
2017-11-09 14:55:22,GT-N7100,32.1038159691032,35.2102038130012,690.530126805367,7,Ariel_University,24:79:2a:2b:bd:88,11,-78,Ariel_University,1c:b9:c4:16:06:bc,36,-70,Ariel_University,24:79:2a:2b:07:b8,11,-74,DIRECT-51-HP DeskJet 3630 series,3c:52:82:ef:d4:52,6,-86,HelpDesk,60:e3:27:7b:e0:98,4,-88,Ariel_University,24:79:2a:2b:07:bc,36,-83,Ariel_University,1c:b9:c4:15:1c:b8,1,-93,,,,,,,,,
2017-11-09 14:55:25,GT-N7100,32.1037973804647,35.210175653497,690.745695875605,5,Ariel_University,24:79:2a:2c:5b:d8,1,-81,,1c:b9:c4:96:1d:77,44,-87,,24:79:2a:ab:07:b7,36,-89,DIRECT-8A-HP DeskJet 3630 series,3c:52:82:ef:a4:8b,6,-85,,00:27:22:f3:bb:2b,6,-88,,,,,,,,,,,,,,,
2017-11-09 14:55:29,GT-N7100,32.1037743959058,35.2101401581849,691.118060857032,2,Onicom,c0:4a:00:71:ee:ee,9,-92,DIRECT-61-HP DeskJet 3630 series,30:e1:71:0d:e0:63,6,-93,,,,,,,,,,,,,,,,,,,,,,,,
2017-11-09 14:55:31,GT-N7100,32.1037734140824,35.2101268827786,691.22386087141,2,Ariel_University,1c:b9:c4:16:06:b8,1,-68,,1c:b9:c4:96:06:b7,36,-78,,,,,,,,,,,,,,,,,,,,,,,,
2017-11-09 14:55:33,GT-N7100,32.1037741003393,35.2101166134201,691.423591155292,1,Ariel_University,1c:b9:c4:14:2b:88,6,-90,,,,,,,,,,,,,,,,,,,,,,,,,,,
2017-11-09 14:55:35,GT-N7100,32.1037713835476,35.2101101707401,691.729100825513,1,Ariel_University,1c:b9:c4:16:e5:a8,11,-92,,,,,,,,,,,,,,,,,,,,,,,,,,,
2017-11-09 14:55:37,GT-N7100,32.1037657088656,35.2100917427602,692.052338957987,1,Ariel_University,1c:b9:c4:15:fd:48,1,-86,,,,,,,,,,,,,,,,,,,,,,,,,,,
2017-11-09 14:55:39,GT-N7100,32.1037532587538,35.2100781594308,692.223069754338,2,Ariel_University,1c:b9:c4:15:fd:4c,44,-89,Ariel_University,1c:b9:c4:16:ed:4c,36,-90,,,,,,,,,,,,,,,,,,,,,,,,
2017-11-09 14:55:41,GT-N7100,32.1037351743178,35.2100463976694,692.292151291247,3,,1c:b9:c4:96:06:b7,36,-67,Ariel_University,24:79:2a:2c:5b:d8,1,-76,Ariel_University,1c:b9:c4:16:ed:38,6,-95,,,,,,,,,,,,,,,,,,,,,
2017-11-09 14:55:44,GT-N7100,32.1037214295056,35.2100247228105,692.312015239536,8,DIRECT-51-HP DeskJet 3630 series,3c:52:82:ef:d4:52,6,-81,DIRECT-61-HP DeskJet 3630 series,30:e1:71:0d:e0:63,6,-84,Ariel_University,1c:b9:c4:15:fd:4c,44,-83,Ariel_University,1c:b9:c4:16:ed:4c,36,-84,IT-MNG,1c:b9:c4:15:ed:bc,48,-88,KCG-ADSL,00:1d:aa:81:d8:3c,3,-88,IT-MNG,1c:b9:c4:15:ed:b8,1,-90,Ariel_University,1c:b9:c4:16:ed:48,6,-95,,,,,,
2017-11-09 14:55:46,GT-N7100,32.1037065018067,35.2100043834349,692.262529435311,3,Ariel_University,1c:b9:c4:15:1c:b8,1,-82,Ariel_University,1c:b9:c4:16:ed:48,6,-88,Ariel_University,1c:b9:c4:15:1c:bc,36,-81,,,,,,,,,,,,,,,,,,,,,
2017-11-09 14:55:50,GT-N7100,32.103671422604,35.2099674868845,692.522362745114,3,Ariel_University,1c:b9:c4:16:ed:48,6,-82,,1c:b9:c4:96:ed:47,36,-84,Ariel_University,1c:b9:c4:16:ed:38,6,-85,,,,,,,,,,,,,,,,,,,,,
2017-11-09 14:55:52,GT-N7100,32.1036485938691,35.2099586011249,692.56849668362,2,DIRECT-13-HP DeskJet 3630 series,a0:8c:fd:0a:24:56,6,-88,Ariel_University,1c:b9:c4:12:af:78,11,-85,,,,,,,,,,,,,,,,,,,,,,,,
2017-11-09 14:55:54,GT-N7100,32.10363402634,35.2099561295139,692.652410674442,2,KCG-ADSL,00:1d:aa:81:d8:3c,3,-83,Ariel_University,1c:b9:c4:16:ed:3c,44,-84,,,,,,,,,,,,,,,,,,,,,,,,
2017-11-09 14:55:56,GT-N7100,32.1036065763058,35.2099417976152,692.769277722664,2,,1c:b9:c4:95:fd:47,44,-85,Ariel_University,1c:b9:c4:12:af:7c,40,-88,,,,,,,,,,,,,,,,,,,,,,,,
2017-11-09 14:55:58,GT-N7100,32.1035840463758,35.209918575194,692.824590058825,4,IT-MNG,1c:b9:c4:15:ed:b8,1,-82,,8c:0c:90:ae:16:83,8,-89,,8c:0c:90:6e:16:88,8,-90,Ariel_University,8c:0c:90:2e:16:88,8,-87,,,,,,,,,,,,,,,,,,
2017-11-09 14:56:00,GT-N7100,32.1035705974428,35.2099002189774,692.852971629587,1,,1c:b9:c4:92:af:77,40,-87,,,,,,,,,,,,,,,,,,,,,,,,,,,
2017-11-09 14:56:05,GT-N7100,32.1035175210669,35.2098487084544,692.867360921847,3,KCG-ADSL,00:1d:aa:81:d8:3c,3,-74,Ariel_University,1c:b9:c4:14:30:3c,44,-88,Ariel_University,1c:b9:c4:14:2b:8c,36,-90,,,,,,,,,,,,,,,,,,,,,
2017-11-09 14:56:09,GT-N7100,32.1034750518456,35.2098192286717,692.720856340603,5,,1c:b9:c4:96:ed:37,44,-81,Ariel_University,1c:b9:c4:16:f1:5c,44,-80,Ariel_University,1c:b9:c4:16:e5:a8,11,-84,AUC,00:27:19:e8:ed:58,9,-85,Ariel_University,1c:b9:c4:16:f1:58,11,-85,,,,,,,,,,,,,,,
2017-11-09 14:56:13,GT-N7100,32.103422255729,35.2097874848765,692.575701218902,2,,1c:b9:c4:96:e5:a7,52,-88,AUC_4_2_24,d8:5d:4c:9e:69:22,1,-84,,,,,,,,,,,,,,,,,,,,,,,,
2017-11-09 14:56:17,GT-N7100,32.1033765676089,35.2097672767554,692.287626930176,4,Ariel_University,1c:b9:c4:16:ed:3c,44,-78,Ariel_University,1c:b9:c4:14:2b:88,6,-81,Ariel_University,1c:b9:c4:12:af:78,11,-80,Ariel_University,1c:b9:c4:16:f4:78,1,-92,,,,,,,,,,,,,,,,,,
2017-11-09 14:56:21,GT-N7100,32.1033362424355,35.2097563859341,692.298609974889,2,Ariel_University,1c:b9:c4:12:af:7c,40,-82,,1c:b9:c4:94:2b:87,36,-86,,,,,,,,,,,,,,,,,,,,,,,,
2017-11-09 14:56:25,GT-N7100,32.1032780765222,35.2097525254903,692.549255217841,3,Ariel_University,1c:b9:c4:12:af:7c,40,-77,Ariel_University,1c:b9:c4:12:90:bc,40,-80,Ariel_University,1c:b9:c4:16:f4:7c,36,-86,,,,,,,,,,,,,,,,,,,,,
2017-11-09 14:56:29,GT-N7100,32.1032374681411,35.2097490528454,692.496768570467,3,Ariel_University,1c:b9:c4:14:2b:8c,36,-84,Ariel_University,1c:b9:c4:16:f4:7c,36,-81,Ariel_University,1c:b9:c4:12:90:b8,11,-86,,,,,,,,,,,,,,,,,,,,,
2017-11-09 14:56:37,GT-N7100,32.1031813470321,35.2097316453601,692.824244976244,2,Ariel_University,1c:b9:c4:14:30:3c,44,-83,,1c:b9:c4:94:30:37,44,-83,,,,,,,,,,,,,,,,,,,,,,,,
2017-11-09 14:56:40,GT-N7100,32.1031630187898,35.2097290851405,692.918029175144,2,,1c:b9:c4:92:af:77,40,-80,Ariel_University,1c:b9:c4:15:ec:3c,36,-88,,,,,,,,,,,,,,,,,,,,,,,,
2017-11-09 14:56:44,GT-N7100,32.1031626700353,35.2097307707899,692.950720662255,3,Ariel_University,1c:b9:c4:16:ed:3c,44,-70,Ariel_University,1c:b9:c4:16:ed:38,6,-79,Ariel_University,1c:b9:c4:14:30:38,1,-89,,,,,,,,,,,,,,,,,,,,,
2017-11-09 14:57:00,GT-N7100,32.1029906875209,35.2097808527648,694.796734288523,3,DIRECT-3B-HP DeskJet 3630 series,3c:52:82:ef:c4:3c,6,-86,Ariel_University,1c:b9:c4:15:ec:38,6,-91,Ariel_University,1c:b9:c4:14:2c:38,6,-94,,,,,,,,,,,,,,,,,,,,,
2017-11-09 14:57:02,GT-N7100,32.1029680192282,35.2097791765356,694.760299533841,3,Ariel_University,1c:b9:c4:15:ec:3c,36,-83,,1c:b9:c4:95:ec:37,36,-85,Ariel_University,1c:b9:c4:16:ee:9c,36,-90,,,,,,,,,,,,,,,,,,,,,
2017-11-09 14:57:04,GT-N7100,32.1029476602473,35.2097743694955,694.864260091495,3,Ariel_University,1c:b9:c4:14:30:38,1,-84,,1c:b9:c4:96:ed:37,44,-72,DIRECT-3B-HP DeskJet 3630 series,3c:52:82:ef:c4:3c,6,-77,,,,,,,,,,,,,,,,,,,,,
2017-11-09 14:57:06,GT-N7100,32.1029230770243,35.2097788028601,694.8726100534,2,Ariel_University,1c:b9:c4:14:30:38,1,-77,Ariel_University,1c:b9:c4:16:ee:98,6,-90,,,,,,,,,,,,,,,,,,,,,,,,
2017-11-09 14:57:08,GT-N7100,32.1028930234207,35.2097921898907,694.822468531932,7,Ariel_University,1c:b9:c4:12:af:78,11,-75,Ariel_University,1c:b9:c4:16:ed:38,6,-73,KCG-ADSL,00:1d:aa:81:d8:3c,3,-68,Ariel_University,1c:b9:c4:15:ec:38,6,-85,Ariel_University,1c:b9:c4:14:30:3c,44,-77,Ariel_University,1c:b9:c4:14:2c:3c,52,-90,Ariel_University,1c:b9:c4:14:2c:38,6,-89,,,,,,,,,
2017-11-09 14:57:10,GT-N7100,32.1028714056402,35.2097994660901,694.789519376628,1,AUC,00:27:19:e8:ed:58,9,-78,,,,,,,,,,,,,,,,,,,,,,,,,,,
2017-11-09 14:57:16,GT-N7100,32.1028148031052,35.2098223753274,695.236836938892,4,Ariel_University,1c:b9:c4:16:ee:9c,36,-83,,1c:b9:c4:96:ee:97,36,-85,Ariel_University,1c:b9:c4:16:11:ac,44,-86,Ariel_University,1c:b9:c4:15:3d:68,6,-94,,,,,,,,,,,,,,,,,,
2017-11-09 14:57:18,GT-N7100,32.1027948411465,35.2098251199267,695.383556244438,2,Ariel_University,1c:b9:c4:16:ee:98,6,-85,,1c:b9:c4:94:2c:37,52,-85,,,,,,,,,,,,,,,,,,,,,,,,
2017-11-09 14:57:22,GT-N7100,32.1027757177199,35.2098321931438,695.57118229197,4,AUC,00:27:19:e8:ed:58,9,-72,Ariel_University,1c:b9:c4:14:2c:3c,52,-85,,1c:b9:c4:96:11:a7,44,-87,Ariel_University,ec:8c:a2:26:b1:78,1,-93,,,,,,,,,,,,,,,,,,
2017-11-09 14:57:27,GT-N7100,32.102730782732,35.2098618079549,695.743173157846,5,AUC,00:27:19:e8:ed:58,9,-66,Ariel_University,1c:b9:c4:14:2c:3c,52,-80,lab_6.1.3,c4:12:f5:f6:a0:18,3,-93,Ariel_University,1c:b9:c4:14:2c:38,6,-84,Ariel_University,1c:b9:c4:16:11:a8,1,-86,,,,,,,,,,,,,,,
2017-11-09 14:57:30,GT-N7100,32.1026833099446,35.2098836153278,695.703331830727,2,Ariel_University,1c:b9:c4:15:3d:6c,44,-85,Ariel_University,1c:b9:c4:15:1e:68,1,-93,,,,,,,,,,,,,,,,,,,,,,,,
2017-11-09 14:57:35,GT-N7100,32.1026129745676,35.2099221769222,695.628073750693,3,Ariel_University,1c:b9:c4:15:3a:3c,44,-90,Ariel_University,1c:b9:c4:15:3d:68,6,-87,Ariel_University,1c:b9:c4:15:3a:38,11,-92,,,,,,,,,,,,,,,,,,,,,
2017-11-09 14:57:40,GT-N7100,32.1026026219375,35.2099057533623,695.13546765433,1,AUC,00:27:19:e8:ed:58,9,-61,,,,,,,,,,,,,,,,,,,,,,,,,,,
2017-11-09 14:57:43,GT-N7100,32.1025584129057,35.2099122401219,694.799541828469,5,Ariel_University,1c:b9:c4:16:ee:9c,36,-77,Ariel_University,1c:b9:c4:15:3d:68,6,-80,Ariel_University,1c:b9:c4:15:1e:68,1,-87,Ariel_University,1c:b9:c4:15:3d:6c,44,-77,yosh,00:11:6b:11:02:b7,1,-97,,,,,,,,,,,,,,,
2017-11-09 14:57:47,GT-N7100,32.1025052255334,35.209942205241,694.401834197493,1,Ariel_University,1c:b9:c4:16:ee:98,6,-80,,,,,,,,,,,,,,,,,,,,,,,,,,,
2017-11-09 14:57:50,GT-N7100,32.1024479597528,35.2099640685665,694.196175485358,3,Ariel_University,1c:b9:c4:15:1e:68,1,-81,Ariel_University,1c:b9:c4:15:3a:3c,44,-82,Ariel_University,1c:b9:c4:15:1e:6c,36,-87,,,,,,,,,,,,,,,,,,,,,
2017-11-09 14:57:54,GT-N7100,32.1024162269479,35.2100096903243,694.033622242473,4,Ariel_University,1c:b9:c4:15:3a:38,11,-80,,1c:b9:c4:95:3a:37,44,-81,,1c:b9:c4:95:3d:67,44,-83,yosh,00:11:6b:11:02:b7,1,-82,,,,,,,,,,,,,,,,,,
2017-11-09 14:58:25,GT-N7100,32.1020918671377,35.2099742046483,694.99842515136,2,Ariel_University,1c:b9:c4:16:04:78,11,-93,Coolnet-Hotspot,00:18:25:12:72:f0,6,-99,,,,,,,,,,,,,,,,,,,,,,,,
2017-11-09 14:58:28,GT-N7100,32.1020675210478,35.2099416659407,695.104931351668,2,Coolnet-Hotspot,00:18:25:12:72:f0,6,-94,Nina,00:8c:54:8e:a9:01,6,-98,,,,,,,,,,,,,,,,,,,,,,,,
2017-11-09 14:58:32,GT-N7100,32.1020315359106,35.2098974207389,695.067758148536,4,,1c:b9:c4:95:ed:77,60,-79,DIRECT-F4-HP DeskJet 3630 series,a0:8c:fd:0a:d5:f5,6,-89,DIRECT-5C-HP DeskJet 3630 series,fc:3f:db:9c:36:3d,6,-93,Ariel_University,1c:b9:c4:15:3d:58,11,-89,,,,,,,,,,,,,,,,,,
2017-11-09 14:58:36,GT-N7100,32.1020226054513,35.2098706906049,695.101580289094,6,DIRECT-55-HP DeskJet 3630 series,3c:52:82:ef:d4:56,6,-87,gilo1,14:ae:db:cc:1a:8d,13,-93,Bezeq,84:c9:b2:b7:c8:2d,6,-98,Ariel_University,1c:b9:c4:15:3d:5c,36,-86,Ariel_University,1c:b9:c4:16:04:7c,36,-87,Ariel_University,1c:b9:c4:15:ed:78,6,-90,,,,,,,,,,,,
2017-11-09 14:58:40,GT-N7100,32.1020072209642,35.2098448245616,695.383779231434,7,Ariel_University,1c:b9:c4:15:3d:58,11,-83,Ariel_University,1c:b9:c4:16:04:7c,36,-82,Ariel_University,1c:b9:c4:16:04:78,11,-87,DIRECT-71-HP DeskJet 3630 series,30:e1:71:0f:a2:72,6,-93,Ariel_University,1c:b9:c4:16:f1:4c,36,-92,Ariel_University,1c:b9:c4:16:f1:98,11,-90,Ariel_University,1c:b9:c4:16:f1:48,1,-93,,,,,,,,,
2017-11-09 14:58:44,GT-N7100,32.1019955329817,35.2097975968175,695.625730099046,7,Ariel_University,1c:b9:c4:15:3d:58,11,-78,DIRECT-55-HP DeskJet 3630 series,3c:52:82:ef:d4:56,6,-81,DIRECT-71-HP DeskJet 3630 series,30:e1:71:0f:a2:72,6,-88,Ariel_University,1c:b9:c4:16:f1:48,1,-88,DIRECT-5C-HP DeskJet 3630 series,fc:3f:db:9c:36:3d,6,-87,036518749,a0:ab:1b:60:b4:ca,5,-94,Ariel_University,1c:b9:c4:15:3d:5c,36,-78,,,,,,,,,
2017-11-09 14:58:49,GT-N7100,32.1019773295001,35.2097129418016,695.439770687537,7,DIRECT-71-HP DeskJet 3630 series,30:e1:71:0f:a2:72,6,-82,036518749,a0:ab:1b:60:b4:ca,5,-89,Ariel_University,1c:b9:c4:15:ed:78,6,-79,,1c:b9:c4:96:04:77,36,-78,,1c:b9:c4:95:1b:87,58,-84,Bezeq Free,62:ab:1b:60:b4:cb,5,-93,Ariel_University,1c:b9:c4:15:1b:8c,58,-83,,,,,,,,,
2017-11-09 14:58:52,GT-N7100,32.101978059291,35.2096700926504,695.22817391932,1,Ariel_University,1c:b9:c4:15:1b:88,11,-87,,,,,,,,,,,,,,,,,,,,,,,,,,,
2017-11-09 14:58:56,GT-N7100,32.10200602859,35.2096021701562,694.897623899615,2,lab_6.1.3,c4:12:f5:f6:a0:18,3,-86,Ariel_University,1c:b9:c4:14:2b:d8,1,-95,,,,,,,,,,,,,,,,,,,,,,,,
2017-11-09 14:59:00,GT-N7100,32.1020246666633,35.209556466104,694.779706366765,3,Ariel_University,1c:b9:c4:15:3d:58,11,-73,DIRECT-F4-HP DeskJet 3630 series,a0:8c:fd:0a:d5:f5,6,-81,Ariel_University,1c:b9:c4:14:2f:68,6,-91,,,,,,,,,,,,,,,,,,,,,
2017-11-09 14:59:04,GT-N7100,32.1020540855363,35.2095001969305,694.648109547618,4,Ariel_University,1c:b9:c4:15:3d:58,11,-67,Ariel_University,1c:b9:c4:16:04:78,11,-73,Ariel_University,1c:b9:c4:16:11:a8,1,-81,Ariel_University,1c:b9:c4:15:1b:88,11,-82,,,,,,,,,,,,,,,,,,
2017-11-09 14:59:08,GT-N7100,32.1020880500946,35.209475783387,694.396190196557,5,lab_6.1.3,c4:12:f5:f6:a0:18,3,-78,DIRECT-F4-HP DeskJet 3630 series,a0:8c:fd:0a:d5:f5,6,-76,,1c:b9:c4:95:3d:57,36,-81,ola,a0:ab:1b:56:6e:de,2,-93,Ariel_University,1c:b9:c4:16:f1:48,1,-80,,,,,,,,,,,,,,,
2017-11-09 14:59:11,GT-N7100,32.1021036904661,35.209444295945,694.116025561498,3,Ariel_University,1c:b9:c4:15:1b:8c,58,-78,Ariel_University,1c:b9:c4:16:04:7c,36,-72,Ariel_University,1c:b9:c4:16:f1:4c,36,-85,,,,,,,,,,,,,,,,,,,,,
2017-11-09 14:59:14,GT-N7100,32.1021157764523,35.209408518048,693.78778507577,4,Ariel_University,1c:b9:c4:15:3d:5c,36,-70,Ariel_University,1c:b9:c4:15:ed:78,6,-74,Ariel_University,1c:b9:c4:16:f1:98,11,-81,,1c:b9:c4:96:f1:97,60,-89,,,,,,,,,,,,,,,,,,
2017-11-09 14:59:16,GT-N7100,32.1021225451101,35.2093886633279,693.639696436598,1,,1c:b9:c4:96:f1:97,60,-80,,,,,,,,,,,,,,,,,,,,,,,,,,,
2017-11-09 14:59:18,GT-N7100,32.102125640395,35.2093758294405,693.556569354521,1,DIRECT-55-HP DeskJet 3630 series,3c:52:82:ef:d4:56,6,-76,,,,,,,,,,,,,,,,,,,,,,,,,,,
2017-11-09 14:59:20,GT-N7100,32.1021268475595,35.2093483546287,693.417001483854,1,Ariel_University,1c:b9:c4:14:2b:d8,1,-84,,,,,,,,,,,,,,,,,,,,,,,,,,,
2017-11-09 14:59:22,GT-N7100,32.1021242307835,35.2093285405195,693.374891530398,2,Ariel_University,1c:b9:c4:14:2b:dc,36,-90,Ariel_University,1c:b9:c4:16:28:f8,6,-89,,,,,,,,,,,,,,,,,,,,,,,,
2017-11-09 14:59:25,GT-N7100,32.1021332702278,35.2092805846919,692.998699264611,4,Ariel_University,1c:b9:c4:14:2b:d8,1,-79,Ariel_University,1c:b9:c4:14:2b:dc,36,-83,BezeqFree,5a:6f:13:70:8c:fd,8,-91,The Slav Squad,e4:6f:13:70:8c:fc,8,-94,,,,,,,,,,,,,,,,,,
2017-11-09 14:59:28,GT-N7100,32.1021381856494,35.209257656882,692.775471223692,4,Ariel_University,1c:b9:c4:14:2b:d8,1,-74,Ariel_University,1c:b9:c4:14:2b:dc,36,-78,The Slav Squad,e4:6f:13:70:8c:fc,8,-88,tachlit3,48:ee:0c:3e:86:dd,7,-96,,,,,,,,,,,,,,,,,,
2017-11-09 14:59:31,GT-N7100,32.1021503952569,35.209254194627,692.351181344131,1,Ariel_University,1c:b9:c4:14:2b:d8,1,-66,,,,,,,,,,,,,,,,,,,,,,,,,,,
2017-11-09 14:59:35,GT-N7100,32.10218511437,35.2092190820786,691.351932271155,3,Ariel_University,1c:b9:c4:14:2b:dc,36,-69,,1c:b9:c4:94:2b:d7,36,-69,Ariel_University,1c:b9:c4:14:33:c8,11,-88,,,,,,,,,,,,,,,,,,,,,
2017-11-09 14:59:37,GT-N7100,32.1021908007631,35.2092053326679,690.990143908547,3,Ariel_University,1c:b9:c4:14:2b:dc,36,-63,tachlit3,48:ee:0c:3e:86:dd,7,-91,Ariel_University,ec:8c:a2:08:94:18,1,-85,,,,,,,,,,,,,,,,,,,,,
2017-11-09 14:59:39,GT-N7100,32.1022036817047,35.2091903774312,690.777330829391,6,Ariel_University,1c:b9:c4:14:2b:dc,36,-56,Ariel_University,1c:b9:c4:16:28:f8,6,-81,,1c:b9:c4:94:2b:d7,36,-57,Ariel_University,1c:b9:c4:16:28:fc,36,-84,Ariel_University,1c:b9:c4:14:2f:6c,36,-90,Ariel_University,1c:b9:c4:14:2c:18,1,-86,,,,,,,,,,,,
2017-11-09 14:59:42,GT-N7100,32.10222354176,35.209160422318,690.448986736187,6,Ariel_University,1c:b9:c4:14:33:c8,11,-81,Ariel_University,1c:b9:c4:14:2f:68,6,-83,,ec:8c:a2:88:94:17,40,-87,Ariel_University,1c:b9:c4:16:f4:2c,44,-87,Ariel_University,ec:8c:a2:08:94:1c,40,-87,Ariel_University,1c:b9:c4:16:f4:28,11,-84,,,,,,,,,,,,
2017-11-09 14:59:44,GT-N7100,32.1022439992105,35.2091366393971,689.999237465927,4,Ariel_University,1c:b9:c4:14:33:cc,36,-84,Ariel_University,ec:8c:a2:26:b1:78,1,-87,Ariel_University,1c:b9:c4:15:43:ec,36,-92,Ariel_University,1c:b9:c4:15:43:e8,1,-88,,,,,,,,,,,,,,,,,,
2017-11-09 14:59:46,GT-N7100,32.1022631296987,35.2091161239778,689.624439360976,1,Ariel_University,1c:b9:c4:15:43:e8,1,-82,,,,,,,,,,,,,,,,,,,,,,,,,,,
2017-11-09 14:59:50,GT-N7100,32.1022817558189,35.2090766143754,689.501991280534,5,Ariel_University,1c:b9:c4:14:33:c8,11,-76,Ariel_University,1c:b9:c4:16:f1:48,1,-74,Ariel_University,1c:b9:c4:15:43:ec,36,-85,,1c:b9:c4:96:f4:27,44,-85,Ariel_University,1c:b9:c4:16:f1:4c,36,-80,,,,,,,,,,,,,,,
2017-11-09 14:59:52,GT-N7100,32.1022897717001,35.2090688546496,689.283963143204,3,Ariel_University,1c:b9:c4:16:28:f8,6,-76,Ariel_University,ec:8c:a2:26:b1:78,1,-79,Ariel_University,1c:b9:c4:12:7c:c8,11,-88,,,,,,,,,,,,,,,,,,,,,
2017-11-09 14:59:54,GT-N7100,32.1022921485299,35.2090690847032,689.269951016356,1,Ariel_University,1c:b9:c4:16:28:fc,36,-75,,,,,,,,,,,,,,,,,,,,,,,,,,,
2017-11-09 15:00:02,GT-N7100,32.1023051010447,35.2090762020174,689.696977692946,5,036518749,a0:ab:1b:60:b4:ca,5,-84,Bezeq Free,62:ab:1b:60:b4:cb,5,-82,,1c:b9:c4:92:90:b7,40,-84,,1c:b9:c4:94:33:c7,36,-84,Ariel_University,1c:b9:c4:15:43:e8,1,-75,,,,,,,,,,,,,,,
2017-11-09 15:00:10,GT-N7100,32.1022886088687,35.2090564433806,689.911263269873,2,Ariel_University,1c:b9:c4:14:2c:18,1,-81,Ariel_University,1c:b9:c4:16:d2:88,11,-96,,,,,,,,,,,,,,,,,,,,,,,,
2017-11-09 15:00:16,GT-N7100,32.1022750671996,35.209038610949,690.140182835998,2,Ariel_University,1c:b9:c4:12:90:bc,40,-84,Ariel_University,1c:b9:c4:16:f4:78,1,-80,,,,,,,,,,,,,,,,,,,,,,,,
2017-11-09 15:00:25,GT-N7100,32.102261434969,35.2090008130515,691.537925084608,1,,1c:b9:c4:96:f1:47,36,-83,,,,,,,,,,,,,,,,,,,,,,,,,,,
2017-11-09 15:00:32,GT-N7100,32.1023353986259,35.2089096085345,693.761694360148,3,Ariel_University,1c:b9:c4:16:f4:2c,44,-80,Ariel_University,1c:b9:c4:14:2f:68,6,-76,,1c:b9:c4:96:28:f7,36,-81,,,,,,,,,,,,,,,,,,,,,
2017-11-09 15:00:36,GT-N7100,32.1023798406882,35.2088829496874,694.482817516144,5,Ariel_University,ec:8c:a2:26:b1:78,1,-69,,1c:b9:c4:94:2f:67,36,-75,Ariel_University,1c:b9:c4:14:2f:6c,36,-74,Ariel_University,ec:8c:a2:08:94:1c,40,-82,AUC,00:27:19:e8:ed:58,9,-88,,,,,,,,,,,,,,,
2017-11-09 15:00:41,GT-N7100,32.1024222918326,35.2088766567503,695.092467642295,1,Ariel_University,1c:b9:c4:14:2f:68,6,-69,,,,,,,,,,,,,,,,,,,,,,,,,,,
2017-11-09 15:00:44,GT-N7100,32.1024665595723,35.208865194859,695.475575187741,2,Ariel_University,1c:b9:c4:14:33:cc,36,-77,,1c:b9:c4:96:f4:77,36,-83,,,,,,,,,,,,,,,,,,,,,,,,
2017-11-09 15:00:49,GT-N7100,32.1025418529198,35.2088655766276,695.63119321215,4,Ariel_University,1c:b9:c4:14:2f:6c,36,-66,Ariel_University,ec:8c:a2:08:94:1c,40,-75,tachlit3,48:ee:0c:3e:86:dd,7,-85,Ariel_University,1c:b9:c4:16:d2:8c,44,-90,,,,,,,,,,,,,,,,,,
2017-11-09 15:00:53,GT-N7100,32.1025678241955,35.2088631932977,695.45023165776,6,Ariel_University,ec:8c:a2:08:94:18,1,-73,,1c:b9:c4:94:2f:67,36,-63,,ec:8c:a2:88:94:17,40,-73,,1c:b9:c4:96:d2:87,44,-84,Ariel_University,8c:0c:90:2d:75:e8,1,-87,Ariel_University,ec:8c:a2:08:78:c8,6,-95,,,,,,,,,,,,
2017-11-09 15:00:57,GT-N7100,32.1025991485496,35.2088762269408,695.200300595221,4,Ariel_University,1c:b9:c4:14:2f:68,6,-60,Ariel_University,1c:b9:c4:14:2c:18,1,-68,Ariel_University,ec:8c:a2:08:78:c8,6,-88,Ariel_University,1c:b9:c4:14:2c:1c,36,-80,,,,,,,,,,,,,,,,,,
2017-11-09 15:01:01,GT-N7100,32.102623566033,35.2088846460383,694.718740575383,3,Ariel_University,1c:b9:c4:16:28:f8,6,-71,Ariel_University,1c:b9:c4:16:11:ac,44,-77,Ariel_University,1c:b9:c4:12:7c:cc,36,-90,,,,,,,,,,,,,,,,,,,,,
2017-11-09 15:01:04,GT-N7100,32.102640755027,35.2088855274367,694.262654827624,1,Ariel_University,1c:b9:c4:16:d2:88,11,-86,,,,,,,,,,,,,,,,,,,,,,,,,,,
2017-11-09 15:01:09,GT-N7100,32.1026605029744,35.2089108756549,693.248876772451,2,Ariel_University,1c:b9:c4:16:d2:8c,44,-82,Ariel_University,ec:8c:a2:08:78:cc,40,-85,,,,,,,,,,,,,,,,,,,,,,,,
2017-11-09 15:01:13,GT-N7100,32.1026627040655,35.2089199237736,692.850893876467,2,Ariel_University,ec:8c:a2:08:78:c8,6,-82,,ec:8c:a2:88:78:c7,40,-88,,,,,,,,,,,,,,,,,,,,,,,,
2017-11-09 15:02:06,GT-N7100,32.1031216738586,35.2089353807238,685.390010957987,7,Ariel_University,ec:8c:a2:08:94:18,1,-67,Ariel_University,1c:b9:c4:12:7c:c8,11,-62,Ariel_University,1c:b9:c4:12:90:b8,11,-79,,1c:b9:c4:92:7c:c7,36,-83,HelpDesk,f8:d1:11:77:77:c6,4,-83,Ariel_University,1c:b9:c4:12:7c:cc,36,-77,Ariel_University,8c:0c:90:2d:75:e8,1,-77,,,,,,,,,
2017-11-09 15:02:10,GT-N7100,32.1031616578263,35.2089037341537,685.233975344079,3,Ariel_University,ec:8c:a2:08:94:1c,40,-64,Ariel_University,8c:0c:90:2d:75:e8,1,-69,DIRECT-HKDESKTOP-SJ0L9HAmsEL,3e:f8:62:d2:49:f2,40,-85,,,,,,,,,,,,,,,,,,,,,
2017-11-09 15:02:14,GT-N7100,32.1031959568681,35.2088582226069,685.179051575379,4,Ariel_University,ec:8c:a2:08:94:18,1,-60,Ariel_University,1c:b9:c4:16:d2:88,11,-81,Ariel_University,34:8f:27:20:8c:18,1,-89,Ariel_University,1c:b9:c4:16:28:e8,1,-90,,,,,,,,,,,,,,,,,,
2017-11-09 15:02:18,GT-N7100,32.1032309035096,35.2088431346023,684.803227992731,6,Ariel_University,ec:8c:a2:08:94:1c,40,-54,Ariel_University,ec:8c:a2:08:94:18,1,-54,DIRECT-HKDESKTOP-SJ0L9HAmsEL,3e:f8:62:d2:49:f2,40,-70,Ariel_University,ec:8c:a2:08:78:cc,40,-80,,ec:8c:a2:88:94:17,40,-56,,ec:8c:a2:88:78:c7,40,-83,,,,,,,,,,,,
2017-11-09 15:02:20,GT-N7100,32.1032545353241,35.2088539722196,684.650343882155,3,Ariel_University,1c:b9:c4:12:7c:cc,36,-70,,ec:8c:a2:88:78:c7,40,-76,,8c:0c:90:ad:75:e3,1,-83,,,,,,,,,,,,,,,,,,,,,
2017-11-09 15:02:24,GT-N7100,32.1032939050876,35.2088755822512,684.200691036654,1,Ariel_University,1c:b9:c4:16:13:08,11,-88,,,,,,,,,,,,,,,,,,,,,,,,,,,
2017-11-09 15:02:26,GT-N7100,32.1033126765464,35.2088910205922,683.932695779381,1,,1c:b9:c4:92:7c:c7,36,-77,,,,,,,,,,,,,,,,,,,,,,,,,,,
2017-11-09 15:02:34,GT-N7100,32.1033754205064,35.2089349543187,682.665756275076,3,DIRECT-61-HP DeskJet 3630 series,30:e1:71:0d:e0:63,6,-91,Ariel_University,1c:b9:c4:16:13:0c,44,-83,Ariel_University,1c:b9:c4:16:28:ec,36,-86,,,,,,,,,,,,,,,,,,,,,
2017-11-09 15:02:36,GT-N7100,32.1033998229123,35.208941582171,682.350241197086,2,Ariel_University,1c:b9:c4:16:13:08,11,-82,Ariel_University,1c:b9:c4:16:28:e8,1,-81,,,,,,,,,,,,,,,,,,,,,,,,
2017-11-09 15:02:41,GT-N7100,32.1034409674777,35.2089900907232,681.739801604229,3,Ariel_University,ec:8c:a2:08:78:cc,40,-73,Ariel_University,1c:b9:c4:16:28:ec,36,-79,Ariel_University,ec:8c:a2:26:b0:e8,6,-93,,,,,,,,,,,,,,,,,,,,,
2017-11-09 15:02:45,GT-N7100,32.1034689464428,35.2090203132095,681.304550362864,4,Ariel_University,ec:8c:a2:08:78:c8,6,-73,Ariel_University,ec:8c:a2:08:78:cc,40,-67,Ariel_University,1c:b9:c4:16:28:ec,36,-69,Ariel_University,24:79:2a:2c:3d:68,11,-87,,,,,,,,,,,,,,,,,,
2017-11-09 15:02:49,GT-N7100,32.1035225728117,35.2090352084413,680.926216586367,2,,ec:8c:a2:88:78:c7,40,-71,DIRECT-32-HP DeskJet 3630 series,fc:3f:db:9c:43:33,6,-89,,,,,,,,,,,,,,,,,,,,,,,,
2017-11-09 15:02:53,GT-N7100,32.1035723310816,35.2090563455126,680.932828667172,1,Ariel_University,ec:8c:a2:26:b0:e8,6,-87,,,,,,,,,,,,,,,,,,,,,,,,,,,
2017-11-09 15:02:56,GT-N7100,32.1035793991811,35.2090663275211,681.030497928747,2,Ariel_University,ec:8c:a2:26:d3:68,1,-84,Ariel_University,1c:b9:c4:16:12:e8,11,-90,,,,,,,,,,,,,,,,,,,,,,,,
2017-11-09 15:02:58,GT-N7100,32.1035992034404,35.2090720264185,681.012886698724,3,Ariel_University,1c:b9:c4:16:28:e8,1,-75,,8c:0c:90:6e:16:88,8,-85,,1c:b9:c4:96:28:e7,36,-83,,,,,,,,,,,,,,,,,,,,,
2017-11-09 15:03:19,GT-N7100,32.1037627450851,35.2091471162383,682.674360533813,4,Ariel_University,ec:8c:a2:26:b0:e8,6,-76,Ariel_University,ec:8c:a2:26:d3:68,1,-77,Ariel_University,1c:b9:c4:16:1d:7c,44,-84,AUC_54_R,00:25:86:cc:00:f8,5,-88,,,,,,,,,,,,,,,,,,
2017-11-09 15:03:23,GT-N7100,32.1038112892609,35.2091837508924,683.284692738928,5,Ariel_University,ec:8c:a2:26:d3:68,1,-71,Pele Shetah,60:e3:27:a7:7c:14,9,-90,Ariel_University,1c:b9:c4:16:cc:dc,36,-80,Ariel_University,1c:b9:c4:16:cc:d8,1,-83,Ariel_University,1c:b9:c4:16:1d:78,11,-85,,,,,,,,,,,,,,,
2017-11-09 15:03:27,GT-N7100,32.1038548480245,35.2092391682132,683.936690357496,3,Ariel_University,ec:8c:a2:26:b0:e8,6,-71,Ariel_University,ec:8c:a2:26:d3:68,1,-65,Ariel_University,1c:b9:c4:16:12:e8,11,-84,,,,,,,,,,,,,,,,,,,,,
2017-11-09 15:03:31,GT-N7100,32.1039188057013,35.2092708319774,684.65269392051,3,DIRECT-64-HP DeskJet 3630 series,30:e1:71:0d:e0:65,6,-97,Ariel_University,1c:b9:c4:16:cc:dc,36,-71,Bezeq_WiFi,10:be:f5:40:45:18,6,-87,,,,,,,,,,,,,,,,,,,,,
2017-11-09 15:03:35,GT-N7100,32.1039436408231,35.2092756238139,685.161397695132,3,DIRECT-64-HP DeskJet 3630 series,30:e1:71:0d:e0:65,6,-88,,8c:0c:90:ae:16:83,8,-83,shapedo,f2:6c:ac:9f:fb:1f,11,-96,,,,,,,,,,,,,,,,,,,,,
2017-11-09 15:03:38,GT-N7100,32.1039581219348,35.2092915361368,685.417687750654,5,Ariel_University,1c:b9:c4:16:cc:d8,1,-72,Ariel_University,8c:0c:90:2e:16:88,8,-79,,8c:0c:90:6e:16:88,8,-80,giftwizard,c2:6c:ac:a0:3d:eb,1,-95,Ariel_University,1c:b9:c4:16:24:8c,36,-91,,,,,,,,,,,,,,,
2017-11-09 15:03:43,GT-N7100,32.1040052469919,35.2093255030259,686.039078195157,10,Ariel_University,ec:8c:a2:26:d3:68,1,-56,Neuropplied,b2:6c:ac:9f:fb:27,52,-89,shapedo,f2:6c:ac:9f:fb:27,52,-89,giftwizard,c2:6c:ac:9f:fb:27,52,-89,CliClap,90:6c:ac:9f:fb:27,52,-89,Guest,a2:6c:ac:9f:fb:27,52,-90,paysday,e2:6c:ac:9f:fb:27,52,-90,iagree,d2:6c:ac:9f:fb:27,52,-91,fortinet,02:6c:ac:9f:fb:27,52,-91,Ariel_University,1c:b9:c4:16:24:88,11,-91
2017-11-09 15:03:47,GT-N7100,32.1040531908347,35.2093498707171,686.355221640349,10,Guest,a2:6c:ac:9f:fb:27,52,-83,Neuropplied,b2:6c:ac:9f:fb:27,52,-84,shapedo,f2:6c:ac:9f:fb:27,52,-84,giftwizard,c2:6c:ac:9f:fb:27,52,-84,CliClap,90:6c:ac:9f:fb:27,52,-84,paysday,e2:6c:ac:9f:fb:27,52,-84,iagree,d2:6c:ac:9f:fb:27,52,-84,fortinet,02:6c:ac:9f:fb:27,52,-84,shapedo,f2:6c:ac:9f:fb:1f,11,-86,paysday,e2:6c:ac:9f:fb:1f,11,-86
2017-11-09 15:03:49,GT-N7100,32.1040846491061,35.2093478143112,686.488010055653,10,Guest,a2:6c:ac:a0:7b:4d,6,-100,CliClap,90:6c:ac:a0:3d:eb,1,-80,Neuropplied,b2:6c:ac:a0:3d:eb,1,-82,shapedo,f2:6c:ac:a0:3d:eb,1,-85,Guest,a2:6c:ac:a0:3d:eb,1,-85,giftwizard,c2:6c:ac:a0:3d:eb,1,-85,Guest,a2:6c:ac:9f:fb:1f,11,-86,paysday,e2:6c:ac:a0:3d:eb,1,-86,magneto,c2:6c:ac:a0:18:29,11,-87,outsense,d2:6c:ac:a0:7b:4d,6,-89
2017-11-09 15:03:52,GT-N7100,32.1041130309766,35.209351665254,686.559790803402,10,Ariel_University,ec:8c:a2:26:d3:68,1,-50,fortinet,02:6c:ac:a0:3d:f3,44,-73,paysday,e2:6c:ac:a0:3d:f3,44,-73,Neuropplied,b2:6c:ac:a0:3d:f3,44,-73,giftwizard,c2:6c:ac:a0:3d:f3,44,-74,Guest,a2:6c:ac:a0:3d:f3,44,-74,shapedo,f2:6c:ac:a0:3d:f3,44,-75,iagree,d2:6c:ac:a0:3d:f3,36,-75,CliClap,90:6c:ac:a0:3d:f3,44,-75,CliClap,90:6c:ac:9f:fb:27,52,-77
2017-11-09 15:03:54,GT-N7100,32.1041434043599,35.2093479879293,686.725610796593,10,giftwizard,c2:6c:ac:a0:3d:eb,1,-68,iagree,d2:6c:ac:a0:3d:eb,1,-68,CliClap,90:6c:ac:a0:3d:eb,1,-69,Neuropplied,b2:6c:ac:a0:3d:eb,1,-69,shapedo,f2:6c:ac:a0:3d:eb,1,-71,fortinet,02:6c:ac:a0:3d:eb,1,-71,Guest,a2:6c:ac:a0:3d:eb,1,-72,paysday,e2:6c:ac:a0:3d:eb,1,-72,iagree,d2:6c:ac:9f:fb:1f,11,-75,Ariel_University,1c:b9:c4:15:23:58,1,-79
2017-11-09 15:03:59,GT-N7100,32.1042181471541,35.2093579234858,686.983800927937,1,Ariel_University,1c:b9:c4:16:05:3c,44,-79,,,,,,,,,,,,,,,,,,,,,,,,,,,
2017-11-09 15:04:01,GT-N7100,32.104238317166,35.2093740860356,687.149338588028,10,artsim,b2:6c:ac:a0:18:29,11,-78,outsense,d2:6c:ac:a0:18:29,11,-79,EVE,90:6c:ac:a0:18:29,11,-79,Guest,a2:6c:ac:a0:18:29,11,-81,,1c:b9:c4:95:34:b7,36,-84,Ariel_University,1c:b9:c4:15:34:bc,36,-86,artsim,b2:6c:ac:a0:18:31,52,-87,Ariel_University,1c:b9:c4:16:05:38,11,-88,restore,e2:6c:ac:a0:18:31,52,-88,EVE,90:6c:ac:a0:18:31,52,-88
2017-11-09 15:04:03,GT-N7100,32.1042689162161,35.2093871904215,687.438502844045,2,shapedo,f2:6c:ac:9f:fb:1f,11,-80,paysday,e2:6c:ac:9f:fb:1f,11,-80,,,,,,,,,,,,,,,,,,,,,,,,
2017-11-09 15:04:08,GT-N7100,32.1043314393224,35.2094133745927,687.952080305008,3,DIRECT-64-HP DeskJet 3630 series,30:e1:71:0d:e0:65,6,-83,Ariel_University,1c:b9:c4:14:62:48,11,-81,Ariel_University,1c:b9:c4:14:62:4c,36,-88,,,,,,,,,,,,,,,,,,,,,
2017-11-09 15:04:11,GT-N7100,32.1043390404415,35.2094289257705,688.279904682721,5,magneto,c2:6c:ac:a0:18:29,11,-80,restore,e2:6c:ac:a0:18:29,11,-81,,1c:b9:c4:95:23:57,36,-85,HP-Print-30-Officejet 7610,d0:bf:9c:db:31:30,1,-93,TP-LINK_ADD150,74:ea:3a:ad:d1:50,1,-79,,,,,,,,,,,,,,,
2017-11-09 15:04:15,GT-N7100,32.1043511013378,35.2094540794159,688.770866270872,2,,00:27:22:f3:bb:2b,6,-77,Ariel_University,24:79:2a:2c:5b:dc,36,-83,,,,,,,,,,,,,,,,,,,,,,,,
2017-11-09 15:04:24,GT-N7100,32.104389099026,35.2095832000095,689.753613904003,8,Guest,a2:6c:ac:a0:7b:55,58,-86,artsim,b2:6c:ac:a0:7b:55,58,-86,magneto,c2:6c:ac:a0:7b:55,58,-87,restore,e2:6c:ac:a0:7b:55,58,-87,EVE,90:6c:ac:a0:7b:55,58,-87,outsense,d2:6c:ac:a0:7b:55,58,-88,DIRECT-42-HP DeskJet 3830 series,70:5a:0f:57:42:43,6,-89,Ariel_University,1c:b9:c4:14:62:48,11,-75,,,,,,
2017-11-09 15:04:28,GT-N7100,32.1044004587418,35.2096290887246,690.232255588833,2,Ariel_University,1c:b9:c4:15:34:bc,36,-80,DIRECT-25-HP DeskJet 3830 series,dc:4a:3e:cd:88:25,6,-90,,,,,,,,,,,,,,,,,,,,,,,,
2017-11-09 15:04:35,GT-N7100,32.1044556973486,35.2096829611838,690.521606289177,10,restore,e2:6c:ac:a0:18:29,11,-76,artsim,b2:6c:ac:a0:7b:55,58,-78,magneto,c2:6c:ac:a0:7b:4d,6,-79,magneto,c2:6c:ac:a0:7b:55,58,-80,EVE,90:6c:ac:a0:7b:55,58,-80,outsense,d2:6c:ac:a0:7b:55,58,-80,Guest,a2:6c:ac:a0:7b:55,58,-81,restore,e2:6c:ac:a0:7b:55,58,-81,Ariel_University,1c:b9:c4:14:62:4c,36,-81,artsim,b2:6c:ac:a0:18:31,52,-81
2017-11-09 15:05:09,GT-N7100,32.104580948221,35.2100555104064,691.112737739431,10,Guest,90:6c:ac:a0:60:4d,1,-66,incentive2,a2:6c:ac:a0:60:4d,1,-67,Ariel_University,8c:0c:90:2f:36:58,1,-73,incentive2,a2:6c:ac:a0:60:55,44,-77,DIRECT-B1-HP DeskJet 3830 series,70:5a:0f:57:04:17,6,-77,Cartiheal,00:11:6b:2a:90:3c,11,-78,Ariel_University,1c:b9:c4:15:20:38,11,-78,Guest,90:6c:ac:a0:60:55,44,-80,Ariel_University,1c:b9:c4:16:05:78,6,-81,DIRECT-42-HP DeskJet 3830 series,70:5a:0f:57:42:43,6,-82
2017-11-09 15:05:13,GT-N7100,32.1045684613384,35.2100725521522,691.205639992537,7,EVE,90:6c:ac:a0:7b:4d,6,-79,iAgree,f8:d1:11:77:75:4e,7,-74,EVE,d8:fe:e3:03:4f:a9,1,-77,HP-Print-30-Officejet 7610,d0:bf:9c:db:31:30,1,-79,Ariel_University,1c:b9:c4:16:05:38,11,-81,Ariel_University,1c:b9:c4:16:2d:e8,11,-88,Ariel_University,1c:b9:c4:15:44:58,11,-91,,,,,,,,,
2017-11-09 15:05:17,GT-N7100,32.1045860748302,35.2101086882019,691.367362890127,5,,8c:0c:90:6f:36:58,1,-76,GIFTWIZARD_5G,90:8d:78:53:fe:d7,48,-89,Ariel_University,1c:b9:c4:15:25:48,1,-81,Ariel_University,1c:b9:c4:15:20:3c,36,-86,HP-Print-2c-LaserJet 400 color,9c:d2:1e:04:e6:2c,6,-95,,,,,,,,,,,,,,,
2017-11-09 15:05:22,GT-N7100,32.104639069363,35.2101893309587,692.008905749217,8,Ariel_University,1c:b9:c4:16:2d:e8,11,-83,,8c:0c:90:6f:36:58,1,-69,Ariel_University,1c:b9:c4:15:25:48,1,-76,Ariel_University,1c:b9:c4:15:44:5c,44,-81,yosh,00:11:6b:11:7d:c7,13,-82,mati-sh1,c4:12:f5:fd:6a:74,9,-81,Ariel_University,1c:b9:c4:15:25:4c,44,-83,Ariel_University,1c:b9:c4:16:12:68,11,-82,,,,,,
2017-11-09 15:05:25,GT-N7100,32.1046509791915,35.2102150308846,692.347124016962,2,Ariel_University,8c:0c:90:2f:36:58,1,-68,Ariel_University,1c:b9:c4:15:34:b8,6,-82,,,,,,,,,,,,,,,,,,,,,,,,
2017-11-09 15:05:28,GT-N7100,32.1046512741409,35.2102429096362,692.476284504419,6,Ariel_University,1c:b9:c4:15:20:38,11,-72,Ariel_University,1c:b9:c4:16:2d:e8,11,-77,Ariel_University,1c:b9:c4:15:20:3c,36,-81,,1c:b9:c4:95:20:37,36,-82,Ariel_University,1c:b9:c4:15:44:58,11,-79,HP-Print-4b-LaserJet 400,08:ed:b9:3d:8f:4b,6,-90,,,,,,,,,,,,
2017-11-09 15:06:17,GT-N7100,32.1048382995521,35.2107678021757,692.53554284187,6,Ariel_University,1c:b9:c4:16:05:78,6,-72,,1c:b9:c4:96:05:77,36,-80,,1c:b9:c4:95:25:47,44,-84,Ariel_University,1c:b9:c4:14:30:0c,36,-81,Ariel_University,1c:b9:c4:16:12:6c,36,-85,Ariel_University,1c:b9:c4:14:30:08,1,-83,,,,,,,,,,,,
2017-11-09 15:06:21,GT-N7100,32.1048285252031,35.2107812202025,691.627622066034,1,Ariel_University,1c:b9:c4:16:05:7c,36,-69,,,,,,,,,,,,,,,,,,,,,,,,,,,
2017-11-09 15:06:39,GT-N7100,32.1048883165267,35.2109932130301,690.262535128998,4,Ariel_University,1c:b9:c4:14:2b:cc,36,-76,Ariel_University,1c:b9:c4:14:2b:c8,11,-72,Ariel_University,1c:b9:c4:16:2b:e8,6,-92,Ariel_University,1c:b9:c4:15:42:68,11,-92,,,,,,,,,,,,,,,,,,
2017-11-09 15:07:27,GT-N7100,32.1047696062527,35.2114759260819,695.581633198355,4,Ariel_University,ec:8c:a2:08:79:ac,36,-87,,1c:b9:c4:95:44:87,36,-88,Ariel_University,1c:b9:c4:15:ed:48,11,-80,Ariel_University,ec:8c:a2:08:79:a8,1,-89,,,,,,,,,,,,,,,,,,
2017-11-09 15:07:31,GT-N7100,32.1047215947211,35.2115149192002,695.93606033992,3,Ariel_University,1c:b9:c4:15:ed:4c,52,-88,Ariel_University,1c:b9:c4:15:44:88,6,-87,Ariel_University,1c:b9:c4:15:44:58,11,-95,,,,,,,,,,,,,,,,,,,,,
2017-11-09 15:07:56,GT-N7100,32.1043801220803,35.2115067506844,697.95722544182,2,Ariel_University,1c:b9:c4:15:ed:4c,52,-80,Ariel_University,1c:b9:c4:14:36:f8,1,-82,,,,,,,,,,,,,,,,,,,,,,,,
2017-11-09 15:07:58,GT-N7100,32.1043536896907,35.2114997884184,698.142262906419,1,Ariel_University,1c:b9:c4:15:41:78,11,-79,,,,,,,,,,,,,,,,,,,,,,,,,,,
2017-11-03 22:31:58,GT-N7100,32.3524747872174,34.9038235353248,25.9352596165059,1,HOTBOX-215C,7c:b7:33:2e:21:62,6,-94,,,,,,,,,,,,,,,,,,,,,,,,,,,
2017-11-03 22:32:02,GT-N7100,32.3524747872174,34.9038235353248,20.1034075308015,4,HOTBOX-215C,7c:b7:33:2e:21:62,6,-89,HOTBOX-0E86,c0:ac:54:f8:d8:a8,11,-94,HOTBOX-1A32,6c:2e:85:fe:ba:ad,1,-96,NETGEAR75,2c:30:33:dc:68:bf,6,-91,,,,,,,,,,,,,,,,,,
2017-11-03 22:32:13,GT-N7100,32.352834594609,34.9039514416082,26.6697789648655,1,NETGEAR75,18:a6:f7:8a:a9:de,6,-93,,,,,,,,,,,,,,,,,,,,,,,,,,,
2017-11-03 22:32:16,GT-N7100,32.352834594609,34.9039514416082,25.8417105296184,1,NETGEAR75,2c:30:33:dc:68:bf,6,-83,,,,,,,,,,,,,,,,,,,,,,,,,,,
2017-11-03 22:32:19,GT-N7100,32.352834594609,34.9039514416082,25.4358568036955,1,DIRECT-CC-HP DeskJet 3830 series,94:57:a5:4d:20:10,6,-94,,,,,,,,,,,,,,,,,,,,,,,,,,,
2017-11-03 22:32:31,GT-N7100,32.3527512455712,34.9038780246912,32.867348917376,1,alperovich,a4:2b:8c:9c:db:65,1,-95,,,,,,,,,,,,,,,,,,,,,,,,,,,
2017-11-03 22:32:44,GT-N7100,32.3526149275538,34.9038035262583,33.2021476639713,1,HOTBOX-0E86,c0:ac:54:f8:d8:a8,11,-81,,,,,,,,,,,,,,,,,,,,,,,,,,,
2017-11-03 22:32:51,GT-N7100,32.3525408387695,34.9037122418601,33.0260249525551,1,TRAMP,b4:ee:b4:8c:cc:67,1,-85,,,,,,,,,,,,,,,,,,,,,,,,,,,
2017-11-03 22:32:52,GT-N7100,32.3525306217817,34.9036902265312,33.0866312662889,1,hotbox 1,c0:ac:54:f8:bc:0e,1,-94,,,,,,,,,,,,,,,,,,,,,,,,,,,
2017-11-03 22:32:54,GT-N7100,32.3525092583893,34.9036390950766,33.3176883231539,2,hotbox 1,c0:ac:54:f8:bc:0e,1,-83,asaf,1c:af:f7:77:64:75,6,-93,,,,,,,,,,,,,,,,,,,,,,,,
2017-11-03 22:32:57,GT-N7100,32.3524937815733,34.9035265898912,34.0008019984982,1,shelef,14:ae:db:43:ef:cd,6,-91,,,,,,,,,,,,,,,,,,,,,,,,,,,
2017-11-03 22:33:08,GT-N7100,32.351979833278,34.9030207529088,41.7082858923362,3,kfar yedidia 3,00:18:25:17:1f:d0,1,-90,Isreali,54:64:d9:5f:70:a3,1,-95,DLINK,5c:d9:98:63:5a:d2,1,-97,,,,,,,,,,,,,,,,,,,,,
2017-11-03 22:33:14,GT-N7100,32.3514041110675,34.9027642244614,40.9913580216736,2,edna,c4:12:f5:f9:0c:5e,1,-83,Rdevries,30:b5:c2:ea:00:2a,1,-92,,,,,,,,,,,,,,,,,,,,,,,,
2017-11-03 22:33:17,GT-N7100,32.3511711525027,34.902632378141,39.5080485816893,1,HOTFiber-D313,b4:ee:b4:fe:3c:ba,11,-87,,,,,,,,,,,,,,,,,,,,,,,,,,,
2017-11-03 22:33:39,GT-N7100,32.3508149870719,34.902840479185,39.3623913317692,1,,fa:8f:ca:51:9d:7a,11,-93,,,,,,,,,,,,,,,,,,,,,,,,,,,
2017-11-03 22:34:55,GT-N7100,32.3471789386754,34.9081128696909,35.7442485571579,1,kfar yedidia 3,00:18:25:17:1f:d0,1,-92,,,,,,,,,,,,,,,,,,,,,,,,,,,
2017-11-03 22:34:58,GT-N7100,32.3466034178953,34.9080583885316,36.6067828597509,1,kfar yedidia 3,00:18:25:17:1f:d0,1,-87,,,,,,,,,,,,,,,,,,,,,,,,,,,
2017-11-03 22:35:01,GT-N7100,32.346059212412,34.9080041159185,36.5416697452033,2,Blackeye-Rupair,78:8a:20:1a:07:fa,11,-92,Teltonika_Router,00:1e:42:14:4f:69,8,-95,,,,,,,,,,,,,,,,,,,,,,,,
2017-11-03 22:35:04,GT-N7100,32.3455962781866,34.9079557679982,36.5412901787539,7,kfar yedidia 3,00:18:25:17:1f:d0,1,-91,Rupin-H,00:1d:aa:da:5e:f8,1,-92,AndroidAP,32:07:4d:e1:da:2f,11,-92,Rupin-H,00:1d:aa:0e:e2:40,8,-94,Rupin,48:ee:0c:3f:ab:1e,4,-95,012_5.0,f8:e9:03:0f:80:0c,60,-91,012-YELLOW,f8:e9:03:0f:80:0b,1,-91,,,,,,,,,
2017-11-03 22:35:06,GT-N7100,32.3453252189185,34.9079243402095,36.3006942814453,2,AndroidAP,32:07:4d:e1:da:2f,11,-87,Rupin-H,00:1d:aa:0e:e2:40,8,-87,,,,,,,,,,,,,,,,,,,,,,,,
2017-11-03 22:35:10,GT-N7100,32.3450005826436,34.9078896653206,36.2276113291073,4,Rupin-H,00:1d:aa:0e:e2:40,8,-79,inpact,74:3e:2b:1f:ac:58,6,-88,inpact,74:3e:2b:1f:74:78,1,-90,test,00:1d:aa:f2:9a:a0,6,-92,,,,,,,,,,,,,,,,,,
2017-11-03 22:35:13,GT-N7100,32.3449004163704,34.9078774922426,36.2153924959342,1,inpact,74:3e:2b:1f:74:7c,36,-88,,,,,,,,,,,,,,,,,,,,,,,,,,,
2017-11-03 22:35:15,GT-N7100,32.3448804961241,34.9078763950203,36.1987984826758,2,inpact,74:3e:2b:1f:74:78,1,-81,Teltonika_Router,00:1e:42:14:4f:69,8,-94,,,,,,,,,,,,,,,,,,,,,,,,
2017-11-03 22:35:39,GT-N7100,32.3446137536346,34.9078170299793,35.7837121489404,1,012-YELLOW,f8:e9:03:0f:80:0b,1,-84,,,,,,,,,,,,,,,,,,,,,,,,,,,
2017-11-03 22:35:51,GT-N7100,32.3428599787798,34.907763981826,30.1281117119357,1,kfar yedidia 3,00:18:25:17:1f:d0,1,-90,,,,,,,,,,,,,,,,,,,,,,,,,,,
2017-11-03 22:36:32,GT-N7100,32.3342568056765,34.9062197920788,37.8337096460188,1,kfar yedidia 2,00:18:25:17:21:10,1,-90,,,,,,,,,,,,,,,,,,,,,,,,,,,
2017-11-03 22:36:52,GT-N7100,32.3298539483715,34.9053766165463,54.9469039519614,1,GanotHadar,00:18:25:16:68:b0,1,-88,,,,,,,,,,,,,,,,,,,,,,,,,,,
2017-11-03 22:36:58,GT-N7100,32.3284922361844,34.9051329801387,54.9918583826618,1,DrivePro520,5c:f3:70:33:6f:61,4,-100,,,,,,,,,,,,,,,,,,,,,,,,,,,
2017-11-03 22:37:22,GT-N7100,32.323652305157,34.9042415367084,60.487655841715,1,DrivePro520,5c:f3:70:33:6f:61,4,-84,,,,,,,,,,,,,,,,,,,,,,,,,,,
2017-11-03 22:37:29,GT-N7100,32.3223695132353,34.9040224184367,64.4549648807971,1,4to25,68:72:51:1a:4e:cf,11,-92,,,,,,,,,,,,,,,,,,,,,,,,,,,
2017-11-03 22:37:32,GT-N7100,32.3217878626737,34.9039043007443,59.6043929225078,3,4to25,68:72:51:1a:4e:cf,11,-87,GanotHadar,00:18:25:16:68:b0,1,-74,Nordia4,00:18:25:16:64:00,1,-92,,,,,,,,,,,,,,,,,,,,,
2017-11-03 22:37:38,GT-N7100,32.3206693920029,34.9036681611607,56.8051873712798,2,4to25,68:72:51:1a:4e:cf,11,-80,GanotHadar,00:18:25:16:68:b0,1,-80,,,,,,,,,,,,,,,,,,,,,,,,
2017-11-03 22:37:41,GT-N7100,32.3201104331631,34.9035440129419,57.7125892161842,1,GanotHadar,00:18:25:16:68:b0,1,-74,,,,,,,,,,,,,,,,,,,,,,,,,,,
2017-11-03 22:37:44,GT-N7100,32.3195754503482,34.9034342789765,57.8206418340348,1,4to25,68:72:51:1a:4e:cf,11,-81,,,,,,,,,,,,,,,,,,,,,,,,,,,
2017-11-03 22:37:47,GT-N7100,32.3189781778096,34.9033102002667,57.7838309583214,1,GanotHadar,00:18:25:16:68:b0,1,-84,,,,,,,,,,,,,,,,,,,,,,,,,,,
2017-11-03 22:37:50,GT-N7100,32.3183849242581,34.9032593356531,59.0279274972898,1,4to25,68:72:51:1a:4e:cf,11,-79,,,,,,,,,,,,,,,,,,,,,,,,,,,
2017-11-03 22:37:53,GT-N7100,32.3177565015015,34.9031641866027,56.1720375564389,1,GanotHadar,00:18:25:16:68:b0,1,-91,,,,,,,,,,,,,,,,,,,,,,,,,,,
2017-11-03 22:38:13,GT-N7100,32.3133853010621,34.9022838103094,68.1104945000105,1,VAmezuka2.4TEST,78:d3:8d:f7:d6:26,7,-94,,,,,,,,,,,,,,,,,,,,,,,,,,,
2017-11-03 22:38:16,GT-N7100,32.3127083932056,34.9021361443493,67.1976118882926,1,VAmezuka2.4TEST,78:d3:8d:f7:d6:26,7,-82,,,,,,,,,,,,,,,,,,,,,,,,,,,
2017-11-03 22:38:19,GT-N7100,32.3120501451378,34.9020066267952,66.091042565844,1,VAmezuka2.4TEST,78:d3:8d:f7:d6:26,7,-76,,,,,,,,,,,,,,,,,,,,,,,,,,,
2017-11-03 22:38:22,GT-N7100,32.3113348479031,34.9018738858463,64.84478693485,2,Nordia1,00:18:25:16:6d:10,1,-90,BezeqFree,6a:ee:0c:3e:03:4c,2,-97,,,,,,,,,,,,,,,,,,,,,,,,
2017-11-03 22:38:25,GT-N7100,32.3106567133733,34.9017565701636,63.4869028169147,2,VAmezuka2.4TEST,78:d3:8d:f7:d6:26,7,-86,BezeqFree,06:ae:db:b0:96:65,11,-90,,,,,,,,,,,,,,,,,,,,,,,,
2017-11-03 22:38:28,GT-N7100,32.3100266956944,34.9016409000712,60.7912422140578,1,Nordia1,00:18:25:16:6d:10,1,-87,,,,,,,,,,,,,,,,,,,,,,,,,,,
2017-11-03 22:38:31,GT-N7100,32.3094119748519,34.9015272465676,61.0925597305589,1,,dc:9f:db:32:38:94,1,-91,,,,,,,,,,,,,,,,,,,,,,,,,,,
2017-11-03 22:38:37,GT-N7100,32.3083713670721,34.9013596441625,61.0577266194871,1,VAmezuka2.4TEST,78:d3:8d:f7:d6:26,7,-94,,,,,,,,,,,,,,,,,,,,,,,,,,,
2017-11-03 22:38:43,GT-N7100,32.3072971173145,34.9011763431522,57.3795077430964,1,VAmezuka2.4TEST,78:d3:8d:f7:d6:26,7,-85,,,,,,,,,,,,,,,,,,,,,,,,,,,
2017-11-03 22:38:51,GT-N7100,32.3059207849187,34.9008906942906,59.7455768764677,1,VAmezuka2.4TEST,78:d3:8d:f7:d6:26,7,-81,,,,,,,,,,,,,,,,,,,,,,,,,,,
2017-11-03 22:39:09,GT-N7100,32.304568841159,34.9006391873205,63.1216769982704,1,???? ?? ???,ce:79:4a:4e:f1:e9,6,-96,,,,,,,,,,,,,,,,,,,,,,,,,,,
2017-11-03 22:39:17,GT-N7100,32.3036524496517,34.9004866186708,59.3641368787492,1,VAmezuka2.4TEST,78:d3:8d:f7:d6:26,7,-89,,,,,,,,,,,,,,,,,,,,,,,,,,,
2017-11-03 22:39:20,GT-N7100,32.3032108919677,34.9003766360265,57.9274889915837,1,VAmezuka2.4TEST,78:d3:8d:f7:d6:26,7,-84,,,,,,,,,,,,,,,,,,,,,,,,,,,
2017-11-03 22:39:26,GT-N7100,32.302093378465,34.9001577139027,57.8124282590762,1,VAmezuka2.4TEST,78:d3:8d:f7:d6:26,7,-93,,,,,,,,,,,,,,,,,,,,,,,,,,,
2017-11-03 22:39:29,GT-N7100,32.3014432298023,34.900020329927,59.925771917555,1,VAmezuka2.4TEST,78:d3:8d:f7:d6:26,7,-87,,,,,,,,,,,,,,,,,,,,,,,,,,,
2017-11-03 22:40:28,GT-N7100,32.287538634169,34.8973662261286,54.9202244632624,1,DIRECT-A1-HP OfficeJet 6950,98:e7:f4:b8:d7:a2,6,-95,,,,,,,,,,,,,,,,,,,,,,,,,,,
2017-11-03 22:40:31,GT-N7100,32.286803957487,34.8972310117294,56.2864170833367,2,tamara,14:ae:db:48:bc:ed,9,-98,,fa:8f:ca:39:ff:90,6,-95,,,,,,,,,,,,,,,,,,,,,,,,
2017-11-03 22:40:34,GT-N7100,32.2860834596547,34.897110754415,56.520135563604,3,tamara,14:ae:db:48:bc:ed,9,-93,YICarCam_f2e2da,58:70:c6:f2:e2:da,7,-90,BezeqFree,06:ae:db:48:bc:ed,9,-99,,,,,,,,,,,,,,,,,,,,,
2017-11-03 22:40:44,GT-N7100,32.2842701200449,34.8967875438644,57.3589644219409,1,PELEDNOGA,dc:9f:db:50:ff:da,13,-95,,,,,,,,,,,,,,,,,,,,,,,,,,,
2017-11-03 22:40:47,GT-N7100,32.2839650514425,34.8967234616859,58.9052780316688,2,YICarCam_fbedb2,58:70:c6:fb:ed:b2,7,-91,raanan ap,dc:9f:db:68:be:25,13,-89,,,,,,,,,,,,,,,,,,,,,,,,
2017-11-03 22:40:53,GT-N7100,32.2836614902385,34.8966335496239,58.7273427709277,1,YICarCam_fbedb2,58:70:c6:fb:ed:b2,7,-85,,,,,,,,,,,,,,,,,,,,,,,,,,,
2017-11-03 22:40:55,GT-N7100,32.2835049163606,34.8966033518826,58.2827527700605,1,YICarCam_fbedb2,58:70:c6:fb:ed:b2,7,-77,,,,,,,,,,,,,,,,,,,,,,,,,,,
2017-11-03 22:41:01,GT-N7100,32.2827460118918,34.8964687525735,52.9007232536492,2,PELEDNOGA,dc:9f:db:50:ff:da,13,-94,,00:02:6f:bc:e0:d3,1,-96,,,,,,,,,,,,,,,,,,,,,,,,
2017-11-03 22:41:07,GT-N7100,32.2816771634204,34.8962615410137,48.9236348602318,1,naomi,48:ee:0c:3a:09:02,4,-92,,,,,,,,,,,,,,,,,,,,,,,,,,,
2017-11-03 22:41:13,GT-N7100,32.2805370407929,34.896074641682,47.0634257212392,1,Arda_Factory_WIFI,44:d1:fa:07:6d:5d,7,-92,,,,,,,,,,,,,,,,,,,,,,,,,,,
2017-11-03 22:41:19,GT-N7100,32.2792097347205,34.895836176855,48.6788679894591,3,Arda_Factory_WIFI,44:d1:fa:07:6d:5d,7,-94,Cyber-School,00:12:2a:e2:15:58,2,-89,SEW132_23574021,08:97:58:31:e0:88,2,-95,,,,,,,,,,,,,,,,,,,,,
2017-11-03 22:41:22,GT-N7100,32.2785322543908,34.8957166617071,50.5308016512355,1,Rishonim,84:b5:9c:ea:2a:80,1,-95,,,,,,,,,,,,,,,,,,,,,,,,,,,
2017-11-03 22:41:34,GT-N7100,32.2759288443306,34.8952441524893,51.8094757027243,1,raanan ap,dc:9f:db:68:be:25,13,-95,,,,,,,,,,,,,,,,,,,,,,,,,,,
2017-11-03 22:41:43,GT-N7100,32.2739530817344,34.8947983492768,51.0148713292928,1,raanan ap,dc:9f:db:68:be:25,13,-91,,,,,,,,,,,,,,,,,,,,,,,,,,,
2017-11-03 22:41:49,GT-N7100,32.2726419513434,34.8945676697022,53.9153984608082,2,Yaish,ec:08:6b:67:f6:6e,1,-90,yaish2,14:ae:db:51:94:b5,11,-94,,,,,,,,,,,,,,,,,,,,,,,,
2017-11-03 22:41:52,GT-N7100,32.2720014404901,34.8944476764674,54.1098928979405,1,100100,00:21:04:e8:07:f2,6,-95,,,,,,,,,,,,,,,,,,,,,,,,,,,
2017-11-03 22:42:04,GT-N7100,32.2695618291805,34.8939921508557,52.2379241656496,2,Zon-Net,80:1f:02:19:97:40,13,-94,eliasary1_EXT_EXT,d8:fe:e3:b6:dd:a9,1,-96,,,,,,,,,,,,,,,,,,,,,,,,
2017-11-03 22:42:13,GT-N7100,32.2675723939107,34.8936267878553,49.1520042779806,1,TP-LINK-2.4GHZ,30:b5:c2:44:a4:47,1,-94,,,,,,,,,,,,,,,,,,,,,,,,,,,
2017-11-03 22:42:19,GT-N7100,32.2661421033934,34.8933248189699,47.0637785789556,3,edimax_2.4G_534A30,74:da:38:53:4a:30,2,-91,SHERF family,88:1f:a1:36:66:84,6,-92,TAMAR WIFI,00:1e:42:14:28:9d,9,-98,,,,,,,,,,,,,,,,,,,,,
2017-11-03 22:42:28,GT-N7100,32.2640623409316,34.8929288298388,42.1804149226771,3,TAMAR WIFI,00:1e:42:14:29:c9,11,-93,TAMAR WIFI,00:1e:42:14:28:9d,9,-94,DIR-825-3a7b,48:ee:0c:99:3a:7c,1,-96,,,,,,,,,,,,,,,,,,,,,
2017-11-03 22:42:31,GT-N7100,32.2633823672204,34.892809249097,41.0783999758082,3,TAMAR WIFI,00:1e:42:14:29:c9,11,-79,TAMAR WIFI,00:1e:42:14:28:9d,9,-83,TAMAR WIFI,00:1e:42:14:8b:be,4,-88,,,,,,,,,,,,,,,,,,,,,
2017-11-03 22:42:37,GT-N7100,32.2619939861029,34.8925679207552,40.8004874601359,1,TAMAR WIFI,00:1e:42:14:8b:be,4,-93,,,,,,,,,,,,,,,,,,,,,,,,,,,
2017-11-03 22:42:46,GT-N7100,32.2597987142049,34.8921122661309,34.6205927586655,1,neta1013,00:12:2a:37:30:ac,1,-90,,,,,,,,,,,,,,,,,,,,,,,,,,,
2017-11-03 22:43:27,GT-N7100,32.2550090214513,34.8897708308666,48.1487945890494,1,NIPPON_0373,08:97:58:32:61:5e,4,-94,,,,,,,,,,,,,,,,,,,,,,,,,,,
2017-11-03 22:43:28,GT-N7100,32.2550476855148,34.889961011881,47.6810736109244,1,NIPPON_0373,08:97:58:32:61:5e,4,-86,,,,,,,,,,,,,,,,,,,,,,,,,,,
2017-11-03 22:43:34,GT-N7100,32.2552434987547,34.8912821850517,43.5410845661554,1,NIPPON_0373,08:97:58:32:61:5e,4,-83,,,,,,,,,,,,,,,,,,,,,,,,,,,
2017-11-03 22:43:40,GT-N7100,32.2554194179381,34.8927042570304,41.1425798109698,1,NIPPON_0373,08:97:58:32:61:5e,4,-75,,,,,,,,,,,,,,,,,,,,,,,,,,,
2017-11-03 22:43:46,GT-N7100,32.255602857802,34.8941972256406,39.1600826697805,1,NIPPON_0373,08:97:58:32:61:5e,4,-88,,,,,,,,,,,,,,,,,,,,,,,,,,,
2017-11-03 22:43:52,GT-N7100,32.2559702933533,34.8957635312129,51.0830032441473,1,NIPPON_0373,08:97:58:32:61:5e,4,-92,,,,,,,,,,,,,,,,,,,,,,,,,,,
2017-11-03 22:43:58,GT-N7100,32.2565145124197,34.8973243959972,51.4375196414993,1,NIPPON_0373,08:97:58:32:61:5e,4,-95,,,,,,,,,,,,,,,,,,,,,,,,,,,
2017-11-03 22:44:01,GT-N7100,32.2568178897705,34.8980521190904,49.3002603157906,1,wifi in car-0566,08:97:58:32:b1:92,2,-88,,,,,,,,,,,,,,,,,,,,,,,,,,,
2017-11-03 22:44:07,GT-N7100,32.2574380872689,34.8993244176933,46.7893552128528,1,NIPPON_0373,08:97:58:32:61:5e,4,-98,,,,,,,,,,,,,,,,,,,,,,,,,,,
2017-11-03 22:44:25,GT-N7100,32.2594032956474,34.9034552466821,40.9304610774059,1,NIPPON_0373,08:97:58:32:61:5e,4,-96,,,,,,,,,,,,,,,,,,,,,,,,,,,
2017-11-03 22:44:37,GT-N7100,32.2600244421546,34.9067386862934,39.2216965172367,1,NIPPON_0373,08:97:58:32:61:5e,4,-93,,,,,,,,,,,,,,,,,,,,,,,,,,,
2017-11-03 22:44:40,GT-N7100,32.2601493623084,34.9075661142429,39.6033565256831,1,MRS1,00:15:6d:4a:04:c5,6,-93,,,,,,,,,,,,,,,,,,,,,,,,,,,
2017-11-03 22:44:43,GT-N7100,32.260254941641,34.9083604946654,40.7905242426456,1,NIPPON_0373,08:97:58:32:61:5e,4,-93,,,,,,,,,,,,,,,,,,,,,,,,,,,
2017-11-03 22:44:52,GT-N7100,32.2605597008982,34.9106473262181,52.5818715434263,1,NIPPON_0373,08:97:58:32:61:5e,4,-93,,,,,,,,,,,,,,,,,,,,,,,,,,,
2017-11-03 22:44:59,GT-N7100,32.260728356703,34.9124084293591,51.8138733612284,1,NIPPON_0373,08:97:58:32:61:5e,4,-93,,,,,,,,,,,,,,,,,,,,,,,,,,,
2017-11-03 22:45:05,GT-N7100,32.2607791201489,34.9133726089044,55.6283999174238,1,NIPPON_0373,08:97:58:32:61:5e,4,-80,,,,,,,,,,,,,,,,,,,,,,,,,,,
2017-11-03 22:45:19,GT-N7100,32.2608559469245,34.9136640236442,51.3704284083291,1,NIPPON_0373,08:97:58:32:61:5e,4,-75,,,,,,,,,,,,,,,,,,,,,,,,,,,
2017-11-03 22:45:25,GT-N7100,32.2608559469245,34.9136640236442,51.1475928129171,1,NIPPON_0373,08:97:58:32:61:5e,4,-69,,,,,,,,,,,,,,,,,,,,,,,,,,,
2017-11-03 22:45:37,GT-N7100,32.2609405844544,34.9146852324481,41.1532278024487,1,NIPPON_0373,08:97:58:32:61:5e,4,-88,,,,,,,,,,,,,,,,,,,,,,,,,,,
2017-11-03 22:45:46,GT-N7100,32.2612558249997,34.916330150851,43.4135730356807,1,NIPPON_0373,08:97:58:32:61:5e,4,-96,,,,,,,,,,,,,,,,,,,,,,,,,,,
2017-11-03 22:45:52,GT-N7100,32.2615098406513,34.9175320585022,48.6524308088142,2,joshua,14:ae:db:c9:c0:32,10,-96,Dromy_6,74:da:38:53:94:be,2,-97,,,,,,,,,,,,,,,,,,,,,,,,
2017-11-03 22:45:55,GT-N7100,32.261610537738,34.9181571826957,51.120699079927,2,wifi in car-2178,08:97:58:33:4f:2c,1,-90,TP-LINK_735B1E,a0:f3:c1:73:5b:1e,8,-98,,,,,,,,,,,,,,,,,,,,,,,,
2017-11-03 22:45:58,GT-N7100,32.2616941575258,34.9187804839983,54.8365018767838,2,michael,c0:ac:54:f8:5b:83,6,-95,Sapir_Up,c8:3a:35:38:3d:50,11,-97,,,,,,,,,,,,,,,,,,,,,,,,
2017-11-03 22:46:07,GT-N7100,32.2617758571282,34.9207072063454,62.7684772455865,2,AndroidAP,f0:ee:10:78:66:80,6,-92,linksys-orange,00:21:29:b6:11:3e,9,-95,,,,,,,,,,,,,,,,,,,,,,,,
2017-11-03 22:46:19,GT-N7100,32.2617729312259,34.9231556764968,63.1564341941265,3,BezeqFree,06:ae:db:b3:03:55,11,-89,Alon_2.4,90:8d:78:51:7b:07,2,-90,GalFranses,14:ae:db:b3:03:55,11,-90,,,,,,,,,,,,,,,,,,,,,
2017-11-03 22:46:25,GT-N7100,32.2615978725959,34.9242564048894,61.1852410250977,1,TP-LINK_FB4E06,74:ea:3a:fb:4e:06,1,-93,,,,,,,,,,,,,,,,,,,,,,,,,,,
2017-11-03 22:46:27,GT-N7100,32.2615573173377,34.924544292231,61.9219288690572,1,vYou_DDPai_Mini2,ec:3d:fd:63:61:a5,4,-87,,,,,,,,,,,,,,,,,,,,,,,,,,,
2017-11-03 22:46:32,GT-N7100,32.2614410186279,34.9249717583249,63.0513537798047,1,Eitan wifi,4e:66:41:b0:be:81,11,-93,,,,,,,,,,,,,,,,,,,,,,,,,,,
2017-11-03 22:46:44,GT-N7100,32.2602686048567,34.9247983109279,61.4554371467383,1,TP-LINK_FB4E06,74:ea:3a:fb:4e:06,1,-91,,,,,,,,,,,,,,,,,,,,,,,,,,,
2017-11-03 22:46:47,GT-N7100,32.2598200142721,34.9246827569687,60.4651854748142,2,TheNinios,94:10:3e:87:79:e4,9,-89,TheNinios-up,c8:3a:35:b0:18:39,1,-93,,,,,,,,,,,,,,,,,,,,,,,,
2017-11-03 22:47:02,GT-N7100,32.2578749348208,34.9241437981229,66.7035779996044,2,DIRECT-21-HP OfficeJet Pro 6970,40:b0:34:89:f8:22,1,-94,BezeqFree,6a:6f:13:71:20:05,2,-95,,,,,,,,,,,,,,,,,,,,,,,,
2017-11-03 22:47:05,GT-N7100,32.2578307778188,34.9241271389913,65.3160697629672,2,BezeqFree,6a:6f:13:71:20:05,2,-86,a-team1,e4:6f:13:71:20:04,2,-93,,,,,,,,,,,,,,,,,,,,,,,,
2017-11-03 22:47:09,GT-N7100,32.2578307778188,34.9241271389913,65.0257645169791,1,Shiffman,b0:b2:8f:04:b7:56,3,-85,,,,,,,,,,,,,,,,,,,,,,,,,,,
2017-11-03 22:47:12,GT-N7100,32.2578376205763,34.9240828225907,64.1820052742047,1,a-team1,e4:6f:13:71:20:04,2,-87,,,,,,,,,,,,,,,,,,,,,,,,,,,
2017-11-03 22:47:18,GT-N7100,32.257349567686,34.9239709420317,63.0743155087027,2,HOTFiber-E703,f8:ab:05:4d:82:9f,11,-91,HOTFiber-E703,b4:ee:b4:fe:32:96,11,-92,,,,,,,,,,,,,,,,,,,,,,,,
2017-11-03 22:47:21,GT-N7100,32.2570261258491,34.9239095402782,61.0915185676962,1,Bezeq Free F0149E,6a:fc:af:9a:34:1d,1,-92,,,,,,,,,,,,,,,,,,,,,,,,,,,
2017-11-03 22:47:24,GT-N7100,32.2568254423996,34.9238747829854,60.9242422306569,1,Eliran,f8:ab:05:eb:21:37,11,-82,,,,,,,,,,,,,,,,,,,,,,,,,,,
2017-11-03 22:47:27,GT-N7100,32.2566304117743,34.9238184339855,61.8607944513044,3,BezeqFree,14:af:db:c9:c7:9a,1,-88,Tamsfamily,14:ae:db:c9:c7:9a,1,-89,?????,fa:8f:ca:7b:72:57,11,-92,,,,,,,,,,,,,,,,,,,,,
2017-11-03 22:47:30,GT-N7100,32.2564191755607,34.9237545221296,61.5250537882477,1,Default,00:1f:1f:a9:fb:9f,6,-91,,,,,,,,,,,,,,,,,,,,,,,,,,,
2017-11-03 22:47:33,GT-N7100,32.2562289563596,34.9236644687999,58.0148486547154,2,Default,00:1f:1f:a9:fb:9f,6,-82,AluTheKing,f4:f2:6d:6d:81:17,11,-89,,,,,,,,,,,,,,,,,,,,,,,,
2017-11-03 22:47:36,GT-N7100,32.2560310444427,34.923576489407,52.9383699850857,6,?????,fa:8f:ca:7b:72:57,11,-81,Dana,14:ae:db:ca:18:6a,5,-86,BezeqFree,14:af:db:ca:18:6a,5,-86,AluTheKing,a4:2b:b0:e0:3d:3a,11,-86,ami_hasson_2.4,14:ae:db:3e:3b:aa,1,-90,Skverer,e0:ce:c3:ef:fb:43,11,-92,,,,,,,,,,,,
2017-11-03 22:47:39,GT-N7100,32.2557952303905,34.923471589739,53.1173660946335,9,Shwartzberg,d8:42:ac:11:07:8e,2,-76,HOTBOX-5DB2,08:3e:5d:54:32:b3,11,-82,Tova_2.4,10:5a:f7:0a:87:e9,1,-83,YAHAV_2.4GHz,ec:08:6b:bc:68:0d,1,-86,Home59,c4:12:f5:f7:15:f2,11,-89,EdimaxAP,80:1f:02:51:39:8a,11,-90,HOT,f4:f2:6d:2b:22:48,10,-93,Home59,ec:08:6b:77:c4:75,11,-93,YAHAV,cc:b2:55:e9:24:e0,6,-94,,,
2017-11-03 22:47:42,GT-N7100,32.2555459609449,34.9232941673607,59.1693202556677,2,bat71,d0:84:b0:fe:c2:95,1,-88,bat71,d0:84:b0:93:77:01,13,-97,,,,,,,,,,,,,,,,,,,,,,,,
2017-11-03 22:47:45,GT-N7100,32.2552682850911,34.9230770106146,65.431008554242,4,Liat,18:a6:f7:6b:c1:00,1,-87,marini 2.4,3c:1e:04:08:46:a2,6,-91,Tsur,14:ae:db:3b:66:a5,1,-93,Sheffer,80:1f:02:4d:eb:6c,11,-95,,,,,,,,,,,,,,,,,,
2017-11-03 22:47:48,GT-N7100,32.2549904962787,34.9228612710276,70.8838178301965,2,HOME,00:0c:c3:d0:21:8c,11,-83,shmool_2GEXT,e8:fc:af:81:c3:0d,1,-90,,,,,,,,,,,,,,,,,,,,,,,,
2017-11-03 22:47:51,GT-N7100,32.2547849165081,34.9227094219942,70.0110108209363,6,gabay,18:d6:c7:83:d9:5e,11,-94,home_2.4,90:8d:78:51:b8:3c,1,-88,toibis,00:12:2a:1c:a7:8c,1,-89,DAP-1360,74:da:da:07:6b:9f,5,-90,012Smile,74:da:3c:80:34:b8,10,-92,shmool,c4:04:15:60:6e:e0,1,-92,,,,,,,,,,,,
2017-11-03 22:47:54,GT-N7100,32.2546307326214,34.9226031929395,70.9891046428136,4,home_5,90:8d:78:51:b8:3b,48,-87,012Smile,74:da:3c:80:34:b8,10,-86,012Smile_2EX,74:da:38:80:34:b7,10,-88,Gershon7745287,c0:ff:d4:7b:c8:26,1,-90,,,,,,,,,,,,,,,,,,
2017-11-03 22:47:57,GT-N7100,32.2544185333085,34.9224328699188,74.7831960710904,1,012Smile,00:90:8f:81:c0:54,10,-84,,,,,,,,,,,,,,,,,,,,,,,,,,,
2017-11-03 22:48:01,GT-N7100,32.2541312243229,34.922210099625,73.6386631714586,4,dlink-E2B6,c4:a8:1d:7b:e2:b6,6,-96,YAIR_5_5GEXT,a0:04:60:88:33:ae,44,-88,HOTBOX-ED84,c0:ac:54:f8:8b:06,11,-92,YAIR_2.4_2GEXT,a0:04:60:88:33:af,1,-95,,,,,,,,,,,,,,,,,,
2017-11-03 22:48:04,GT-N7100,32.2539110324586,34.9220351879909,69.3030951479784,4,YAIR_2.4,a0:4f:d4:2a:cc:f1,1,-90,SHAULKOR,a0:ab:1b:61:d2:f6,9,-94,BezeqFree,5a:ab:1b:61:d2:f7,9,-94,Elkanovich 3rd floor,84:16:f9:3b:c9:e4,1,-96,,,,,,,,,,,,,,,,,,
2017-11-03 22:48:08,GT-N7100,32.2536051496933,34.9218456584963,71.3214205339107,1,Elkanovich 3rd floor,84:16:f9:3b:c9:e4,1,-88,,,,,,,,,,,,,,,,,,,,,,,,,,,
2017-11-03 22:48:18,GT-N7100,32.2533864912481,34.9218032636518,70.9793873623162,1,,fa:8f:ca:65:8c:8b,6,-94,,,,,,,,,,,,,,,,,,,,,,,,,,,
2017-11-03 22:48:21,GT-N7100,32.2533220295775,34.9218032070242,71.2502335013712,1,Suissa-Family-24,18:a6:f7:e1:89:a4,6,-93,,,,,,,,,,,,,,,,,,,,,,,,,,,
2017-11-03 22:48:27,GT-N7100,32.2532368198781,34.9219331670309,71.5728418324086,1,,fa:8f:ca:65:8c:8b,6,-89,,,,,,,,,,,,,,,,,,,,,,,,,,,
2017-11-03 22:48:30,GT-N7100,32.2532317490698,34.9219600988435,71.720183146622,4,,fa:8f:ca:65:8c:8b,6,-81,Suissa-Family,18:a6:f7:e1:89:a6,44,-80,bachar2.4,14:ae:db:3c:73:4a,8,-90,TP-LINK_AP_01EF3E,e8:94:f6:01:ef:3e,6,-94,,,,,,,,,,,,,,,,,,
2017-11-03 22:48:34,GT-N7100,32.2532317490698,34.9219600988435,71.7337949208409,2,TP-LINK_AP_01EF3E,e8:94:f6:01:ef:3e,6,-89,DVD2,b8:55:10:25:bb:14,11,-87,,,,,,,,,,,,,,,,,,,,,,,,
2017-11-03 22:48:36,GT-N7100,32.2532317490698,34.9219600988435,71.7569585299967,2,Ronen21,c4:12:f5:84:19:fc,1,-98,Bezeq_WiFi_2.4,c4:12:f5:83:0e:9b,1,-91,,,,,,,,,,,,,,,,,,,,,,,,
2017-11-03 22:48:39,GT-N7100,32.2532317490698,34.9219600988435,72.0061067493221,2,bachar2.4,14:ae:db:3c:73:4a,8,-81,Bezeq_WiFi_2.4,c4:12:f5:83:0e:9b,1,-79,,,,,,,,,,,,,,,,,,,,,,,,
2017-11-03 22:48:42,GT-N7100,32.2531861194268,34.9220826248826,72.3443267028107,1,EILATYMBR,b0:48:7a:a0:89:ea,1,-81,,,,,,,,,,,,,,,,,,,,,,,,,,,
2017-11-03 22:48:45,GT-N7100,32.2531609577912,34.9221407221182,72.7027354675525,5,EILATYMBR,b0:48:7a:a0:89:ea,1,-73,BezeqFree,06:ae:db:b3:5e:65,11,-78,EILATY,14:ae:db:b3:5e:65,11,-82,Marathon2.4,e8:fc:af:97:85:1e,1,-84,mife,e0:ce:c3:8c:cb:b2,6,-96,,,,,,,,,,,,,,,
2017-11-03 22:48:49,GT-N7100,32.2531326558835,34.9222296983257,73.0273589587692,1,mife,e0:ce:c3:8c:cb:b2,6,-89,,,,,,,,,,,,,,,,,,,,,,,,,,,
2017-11-03 22:48:54,GT-N7100,32.2531326558835,34.9222296983257,73.0486867659263,2,HP-Print-5A-Officejet Pro 8610,fc:15:b4:aa:de:5a,6,-90,Michal,14:ae:db:cb:dd:bd,1,-92,,,,,,,,,,,,,,,,,,,,,,,,
2017-11-03 22:49:06,GT-N7100,32.2531326558835,34.9222296983257,73.2706682705493,5,EILATYMBR,b0:48:7a:a0:89:ea,1,-67,HP-Print-5A-Officejet Pro 8610,fc:15:b4:aa:de:5a,6,-85,mife,e0:ce:c3:8c:cb:b2,6,-82,Wider,40:65:a3:25:20:38,11,-84,Michal,14:ae:db:cb:dd:bd,1,-85,,,,,,,,,,,,,,,
2017-11-03 22:49:09,GT-N7100,32.2531326558835,34.9222296983257,73.3855902568135,1,bachar2.4_5,14:ae:db:3c:73:4d,48,-91,,,,,,,,,,,,,,,,,,,,,,,,,,,
2017-11-03 22:49:12,GT-N7100,32.2531326558835,34.9222296983257,73.544589908481,1,DVD2,b8:55:10:25:bb:14,11,-82,,,,,,,,,,,,,,,,,,,,,,,,,,,
2017-11-03 22:49:18,GT-N7100,32.2531326558835,34.9222296983257,73.4629998150833,1,HP's Network,7c:d1:c3:cd:52:42,1,-96,,,,,,,,,,,,,,,,,,,,,,,,,,,
2017-11-03 22:49:24,GT-N7100,32.2531326558835,34.9222296983257,73.7780091754171,1,,fa:8f:ca:78:e5:94,1,-93,,,,,,,,,,,,,,,,,,,,,,,,,,,
2017-11-03 22:49:28,GT-N7100,32.2531326558835,34.9222296983257,73.7771104529281,1,DVD2,b8:55:10:25:bb:14,11,-76,,,,,,,,,,,,,,,,,,,,,,,,,,,
2017-11-03 22:49:30,GT-N7100,32.2531326558835,34.9222296983257,73.7674367920131,2,,fa:8f:ca:78:e5:94,1,-87,HP's Network,7c:d1:c3:cd:52:42,1,-88,,,,,,,,,,,,,,,,,,,,,,,,
2017-11-03 22:49:36,GT-N7100,32.2531326558835,34.9222296983257,73.2682922788868,1,DVD2,b8:55:10:25:bb:14,11,-68,,,,,,,,,,,,,,,,,,,,,,,,,,,
03/11/2017 18:47:55,GT-N7100,32.25354151,34.92189422,65.73381403,4,TP-LINK_AP_01EF3E,e8:94:f6:01:ef:3e,6,-95,DIRECT-Th-BRAVIA,56:35:30:78:d6:c3,11,-89,HOTFiber-0953,b4:ee:b4:fe:29:23,13,-91,Suissa-Family-24,18:a6:f7:e1:89:a4,6,-92,,,,,,,,,,,,,,,,,,
03/11/2017 18:47:57,GT-N7100,32.25354151,34.92189422,66.16675956,2,Landsmann2,14:ae:db:32:a4:f2,5,-94,,fa:8f:ca:65:8c:8b,6,-94,,,,,,,,,,,,,,,,,,,,,,,,
03/11/2017 18:48:00,GT-N7100,32.25355332,34.92204114,68.71139127,1,Elkanovich 3rd floor,84:16:f9:3b:c9:e4,1,-95,,,,,,,,,,,,,,,,,,,,,,,,,,,
03/11/2017 18:48:02,GT-N7100,32.25367437,34.92202671,70.35457996,1,ElkanovichSalon,d4:6e:0e:fb:80:6e,4,-90,,,,,,,,,,,,,,,,,,,,,,,,,,,
03/11/2017 18:48:07,GT-N7100,32.25413665,34.92220759,69.23544189,3,YAIR_2.4,a0:4f:d4:2a:cc:f1,1,-80,BezeqFree,5a:ab:1b:61:d2:f7,9,-90,SHAULKOR,a0:ab:1b:61:d2:f6,9,-91,,,,,,,,,,,,,,,,,,,,,
03/11/2017 18:48:10,GT-N7100,32.25423239,34.92237965,72.21177022,6,YAIR_2.4_2GEXT,a0:04:60:88:33:af,1,-88,Shai,8e:f5:a3:c2:c2:9a,1,-85,HOTBOX-ED84,c0:ac:54:f8:8b:06,11,-89,linksys,f0:b4:29:e3:97:00,11,-91,dlink-E2B6,c4:a8:1d:7b:e2:b6,6,-92,Lasker,b0:b2:8f:03:1a:a4,6,-92,,,,,,,,,,,,
03/11/2017 18:48:13,GT-N7100,32.25445187,34.92257051,71.55329889,2,012Smile,00:90:8f:81:c0:54,10,-82,012Smile,74:da:3c:80:34:b8,10,-85,,,,,,,,,,,,,,,,,,,,,,,,
03/11/2017 18:48:16,GT-N7100,32.25472237,34.92271117,71.89031318,5,012Smile_2EX,74:da:38:80:34:b7,10,-92,home_5,90:8d:78:51:b8:3b,48,-90,Gershon7745287,c0:ff:d4:7b:c8:26,1,-92,DIRECT-23-HP OfficeJet Pro 8710,ec:8e:b5:01:73:0d,6,-95,baruch,c8:be:19:08:68:c9,11,-94,,,,,,,,,,,,,,,
03/11/2017 18:48:19,GT-N7100,32.25487454,34.92282144,70.21858642,6,home_2.4,90:8d:78:51:b8:3c,8,-93,DAP-1360,74:da:da:07:6b:9f,5,-95,HOME,00:0c:c3:d0:21:8c,11,-88,Tsur,14:ae:db:3b:66:a5,1,-91,shmool,c4:04:15:60:6e:e0,1,-92,toibis,00:12:2a:1c:a7:8c,1,-95,,,,,,,,,,,,
03/11/2017 18:48:22,GT-N7100,32.2550409,34.92285823,66.67069271,6,Tsur,14:ae:db:3b:66:a5,1,-83,shmool,c4:04:15:60:6e:e0,1,-81,gabay,00:78:9e:fa:d2:98,11,-86,gabay,18:d6:c7:83:d9:5e,11,-88,Ofer,00:90:8f:81:62:6c,9,-94,Bezeq Free E0078F,52:04:15:60:6e:e1,1,-83,,,,,,,,,,,,
03/11/2017 18:48:24,GT-N7100,32.25522857,34.92291695,70.88566476,3,marini 2.4,3c:1e:04:08:46:a2,6,-91,shmool_2GEXT,e8:fc:af:81:c3:0d,1,-92,HOTBOX-3DE0,c0:ac:54:f7:b3:d2,11,-93,,,,,,,,,,,,,,,,,,,,,
03/11/2017 18:48:27,GT-N7100,32.25545038,34.92305943,67.43007791,8,Liat,18:a6:f7:6b:c1:00,1,-86,HOTBOX-5DB2,08:3e:5d:54:32:b3,11,-88,HOT,f4:f2:6d:2b:22:48,10,-89,HP-Print-0A-Officejet 6700,28:80:23:d2:10:0a,1,-90,bat71,d0:84:b0:fe:c2:95,1,-90,DIRECT-C1-HP DeskJet 4670 series,a0:8c:fd:41:4e:c2,6,-92,gn1,10:fe:ed:ca:8a:ae,8,-94,Sheffer,80:1f:02:4d:eb:6c,11,-94,,,,,,
03/11/2017 18:48:30,GT-N7100,32.25568806,34.9232719,65.16584733,7,YAHAV_5GHz,ec:08:6b:bc:68:0f,40,-85,YAHAV_2.4GHz,ec:08:6b:bc:68:0d,1,-86,Shwartzberg,d8:42:ac:11:07:8e,2,-87,Home59,ec:08:6b:77:c4:75,11,-91,Sharon_2.4,3c:1e:04:03:97:74,1,-93,home,7c:03:4c:ba:97:7b,11,-96,,fa:8f:ca:64:21:fa,11,-94,,,,,,,,,
03/11/2017 18:48:33,GT-N7100,32.25595142,34.92347259,62.51274481,9,Shwartzberg,d8:42:ac:11:07:8e,2,-73,AluTheKing,f4:f2:6d:6d:81:17,11,-84,Home59,c4:12:f5:f7:15:f2,11,-89,Tova_2.4,10:5a:f7:0a:87:e9,1,-89,EdimaxAP,80:1f:02:51:39:8a,11,-89,linksys,00:1e:e5:43:95:d5,10,-93,BezeqFree,14:af:db:ca:18:6a,5,-95,Dana,14:ae:db:ca:18:6a,5,-95,?????,fa:8f:ca:7b:72:57,11,-86,,,
03/11/2017 18:48:36,GT-N7100,32.25618129,34.92367687,62.29584524,6,BezeqFree,14:af:db:ca:18:6a,5,-90,Dana,14:ae:db:ca:18:6a,5,-89,?????,fa:8f:ca:7b:72:57,11,-78,Ami_Hasson,02:01:71:0d:b3:f2,11,-90,ami_hasson_2.4,14:ae:db:3e:3b:aa,1,-90,Limor13,74:da:39:97:67:e9,7,-94,,,,,,,,,,,,
03/11/2017 18:48:39,GT-N7100,32.25621618,34.92383156,65.1089002,1,ami_hasson_2.4,14:ae:db:3e:3b:aa,1,-83,,,,,,,,,,,,,,,,,,,,,,,,,,,
03/11/2017 18:48:42,GT-N7100,32.25628185,34.923981,66.46881782,3,ORON_FAMILY2,e8:ab:fa:10:4e:b7,5,-89,JDTEYH,14:ae:db:39:a5:5d,6,-95,Default,00:1f:1f:a9:fb:9f,6,-93,,,,,,,,,,,,,,,,,,,,,
03/11/2017 18:48:45,GT-N7100,32.25641281,34.92397805,64.81898445,4,Default,00:1f:1f:a9:fb:9f,6,-81,tel,14:ae:db:44:42:6d,11,-94,Tamsfamily,14:ae:db:c9:c7:9a,1,-94,BezeqFree,14:af:db:c9:c7:9a,1,-95,,,,,,,,,,,,,,,,,,
03/11/2017 18:48:48,GT-N7100,32.25661437,34.92394608,64.58855702,1,Eliran,f8:ab:05:eb:21:37,11,-90,,,,,,,,,,,,,,,,,,,,,,,,,,,
03/11/2017 18:48:51,GT-N7100,32.25693507,34.92399637,64.05072995,2,rughugsh,ec:08:6b:9f:84:13,8,-90,rughugsh-EXT,c4:12:f5:1c:52:32,8,-91,,,,,,,,,,,,,,,,,,,,,,,,
03/11/2017 18:48:54,GT-N7100,32.25731521,34.92408058,63.06096781,6,HOTFiber-E703,f8:ab:05:4d:81:e1,11,-85,RAZ3,80:1f:02:3c:4f:34,4,-86,HOTFiber-E703,f8:ab:05:4d:82:9f,11,-90,Tamir24_2.4G,e8:fc:af:9a:34:1c,1,-92,DIRECT-94-HP OfficeJet 6950,c8:d3:ff:f9:50:95,4,-96,Bezeq Free F0149E,6a:fc:af:9a:34:1d,1,-93,,,,,,,,,,,,
03/11/2017 18:48:57,GT-N7100,32.25761736,34.9241424,62.96353821,3,a-team1,e4:6f:13:71:20:04,2,-93,BezeqFree,6a:6f:13:71:20:05,2,-93,HOTFiber-E703,b4:ee:b4:fe:32:96,11,-95,,,,,,,,,,,,,,,,,,,,,
03/11/2017 18:49:03,GT-N7100,32.2580192,34.92424355,58.69589657,2,Home_EXT,e2:91:f5:b8:a9:23,6,-90,wayneswirelessnetwork,00:18:e7:fc:31:1a,1,-92,,,,,,,,,,,,,,,,,,,,,,,,
03/11/2017 18:49:06,GT-N7100,32.25819851,34.92423239,53.90885738,1,DIRECT-21-HP OfficeJet Pro 6970,40:b0:34:89:f8:22,1,-93,,,,,,,,,,,,,,,,,,,,,,,,,,,
03/11/2017 18:49:16,GT-N7100,32.25929125,34.92460399,57.94489392,1,maya_2EX,74:da:38:0e:db:94,6,-95,,,,,,,,,,,,,,,,,,,,,,,,,,,
03/11/2017 18:49:22,GT-N7100,32.26011858,34.92486017,60.74871018,1,TheNinios-up,c8:3a:35:b0:18:39,1,-96,,,,,,,,,,,,,,,,,,,,,,,,,,,
03/11/2017 18:49:25,GT-N7100,32.26057182,34.92496277,60.42678251,1,OpenWrt,78:a3:51:1e:e8:24,1,-94,,,,,,,,,,,,,,,,,,,,,,,,,,,
03/11/2017 18:49:37,GT-N7100,32.26148231,34.9252938,62.56101246,1,Xiaomi_caravan,28:6c:07:da:9c:40,13,-93,,,,,,,,,,,,,,,,,,,,,,,,,,,
03/11/2017 18:49:55,GT-N7100,32.26174493,34.92355456,66.51956477,2,GalFranses,14:ae:db:b3:03:55,11,-94,TP-LINK_FB4E06,74:ea:3a:fb:4e:06,1,-98,,,,,,,,,,,,,,,,,,,,,,,,
03/11/2017 18:49:58,GT-N7100,32.26183332,34.92294903,66.67504191,1,BezeqFree,06:ae:db:b3:03:55,11,-93,,,,,,,,,,,,,,,,,,,,,,,,,,,
03/11/2017 18:50:01,GT-N7100,32.26190542,34.92231435,66.91601283,2,GalFranses,14:ae:db:b3:03:55,11,-90,gold2,c4:12:f5:f6:02:e8,9,-95,,,,,,,,,,,,,,,,,,,,,,,,
03/11/2017 18:50:19,GT-N7100,32.26171875,34.9184526,61.25686304,2,Sapir_Up,c8:3a:35:38:3d:50,11,-90,bendavid,f8:d1:11:9c:7e:a4,1,-94,,,,,,,,,,,,,,,,,,,,,,,,
03/11/2017 18:50:22,GT-N7100,32.26164668,34.91776481,64.78748592,3,BezeqFree,14:af:db:c9:c0:32,10,-93,joshua,14:ae:db:c9:c0:32,10,-94,benzur,6c:2e:85:fe:f5:66,1,-96,,,,,,,,,,,,,,,,,,,,,
03/11/2017 18:50:25,GT-N7100,32.261601,34.91710869,64.64779579,3,nanos,c0:ac:54:f5:9b:c7,1,-89,G_wifi,00:10:f3:61:67:98,1,-92,Bezeq_WiFi,e4:6f:13:71:e7:be,11,-92,,,,,,,,,,,,,,,,,,,,,
03/11/2017 18:50:28,GT-N7100,32.26153308,34.91653653,63.19686673,2,BezeqFree,14:af:db:c9:c0:32,10,-92,yaron,10:be:f5:39:b9:46,10,-95,,,,,,,,,,,,,,,,,,,,,,,,
03/11/2017 18:50:31,GT-N7100,32.26144532,34.91612972,61.81815027,2,HOTBOX-EFCD,d8:fb:5e:18:ef:d3,1,-95,HP-Print-25-Deskjet 4640 series,14:58:d0:ff:2c:25,6,-92,,,,,,,,,,,,,,,,,,,,,,,,
03/11/2017 18:50:34,GT-N7100,32.26138594,34.9158564,60.8119194,1,HP-Print-25-Deskjet 4640 series,14:58:d0:ff:2c:25,6,-87,,,,,,,,,,,,,,,,,,,,,,,,,,,
03/11/2017 18:51:41,GT-N7100,32.2592325,34.90216775,49.55154367,1,Elvis wifi,14:ae:db:3c:eb:72,1,-89,,,,,,,,,,,,,,,,,,,,,,,,,,,
03/11/2017 18:51:44,GT-N7100,32.25896115,34.90150353,53.47179215,1,HOTFiber-3511,84:a1:d1:0f:3e:bc,11,-91,,,,,,,,,,,,,,,,,,,,,,,,,,,
03/11/2017 18:51:50,GT-N7100,32.25840687,34.90045877,55.24602487,1,main gaet ap,00:15:6d:72:ce:db,1,-97,,,,,,,,,,,,,,,,,,,,,,,,,,,
03/11/2017 18:51:59,GT-N7100,32.25769377,34.89925009,48.01163066,1,Raz_Car,dc:ee:06:16:d7:21,11,-83,,,,,,,,,,,,,,,,,,,,,,,,,,,
03/11/2017 18:53:08,GT-N7100,32.26221302,34.89294389,34.92221494,3,TAMAR WIFI,00:1e:42:14:28:9d,9,-93,TAMAR WIFI,00:1e:42:14:8b:be,4,-95,TAMAR WIFI,00:1e:42:14:29:c9,11,-95,,,,,,,,,,,,,,,,,,,,,
03/11/2017 18:53:10,GT-N7100,32.26268001,34.89301102,33.77949222,3,TAMAR WIFI,00:1e:42:14:28:9d,9,-88,TAMAR WIFI,00:1e:42:14:8b:be,4,-86,TAMAR WIFI,00:1e:42:14:29:c9,11,-87,,,,,,,,,,,,,,,,,,,,,
03/11/2017 18:53:14,GT-N7100,32.26361238,34.89316169,33.18618805,1,TAMAR WIFI,00:1e:42:14:28:9d,9,-80,,,,,,,,,,,,,,,,,,,,,,,,,,,
03/11/2017 18:53:17,GT-N7100,32.26433285,34.89327243,34.47765515,2,TAMAR WIFI,00:1e:42:14:8b:be,4,-93,Gizmo4ever,00:0e:f4:de:52:2e,1,-94,,,,,,,,,,,,,,,,,,,,,,,,
03/11/2017 18:53:20,GT-N7100,32.26509009,34.89339278,34.90537006,1,Keren-Paz-AP,a4:2b:b0:e0:2e:a1,10,-92,,,,,,,,,,,,,,,,,,,,,,,,,,,
03/11/2017 18:53:26,GT-N7100,32.26654585,34.89364953,35.38080695,3,SHERF family,88:1f:a1:36:66:84,6,-88,Hanhaga,14:ae:db:54:67:b5,11,-92,TAMAR WIFI,00:1e:42:14:28:9d,9,-94,,,,,,,,,,,,,,,,,,,,,
03/11/2017 18:53:29,GT-N7100,32.26725549,34.89377515,37.29670675,1,ubnt,68:72:51:1a:9b:a2,8,-96,,,,,,,,,,,,,,,,,,,,,,,,,,,
03/11/2017 18:53:38,GT-N7100,32.26929066,34.89416405,42.70740869,1,ofer,00:21:04:8d:78:c2,6,-95,,,,,,,,,,,,,,,,,,,,,,,,,,,
03/11/2017 18:53:47,GT-N7100,32.27101196,34.89445388,43.55435155,1,raanan ap,dc:9f:db:68:be:25,13,-87,,,,,,,,,,,,,,,,,,,,,,,,,,,
03/11/2017 18:53:53,GT-N7100,32.27223576,34.89469335,46.75115812,1,raanan ap,dc:9f:db:68:be:25,13,-95,,,,,,,,,,,,,,,,,,,,,,,,,,,
03/11/2017 18:53:59,GT-N7100,32.27351367,34.89493992,51.79231552,1,raanan ap,dc:9f:db:68:be:25,13,-89,,,,,,,,,,,,,,,,,,,,,,,,,,,
03/11/2017 18:54:02,GT-N7100,32.27415232,34.89505485,53.82273,1,AndroidAP,32:07:4d:06:2a:2a,11,-97,,,,,,,,,,,,,,,,,,,,,,,,,,,
03/11/2017 18:54:08,GT-N7100,32.27542238,34.89528084,54.48316811,1,Simona,08:3e:5d:61:5f:cd,6,-96,,,,,,,,,,,,,,,,,,,,,,,,,,,
03/11/2017 18:54:11,GT-N7100,32.27607337,34.89537896,56.04632126,1,HOTBOX-0F3E,08:6a:0a:22:0f:44,1,-92,,,,,,,,,,,,,,,,,,,,,,,,,,,
03/11/2017 18:54:26,GT-N7100,32.27957728,34.89605879,59.20812423,2,Arda_Factory_WIFI,44:d1:fa:07:6d:5d,7,-93,hoshen-pm,be:30:7d:bb:11:d0,6,-94,,,,,,,,,,,,,,,,,,,,,,,,
03/11/2017 18:54:40,GT-N7100,32.28267006,34.89659534,59.41347505,1,eran's phone??,2e:f0:a2:ac:30:a2,6,-94,,,,,,,,,,,,,,,,,,,,,,,,,,,
03/11/2017 18:54:43,GT-N7100,32.28331709,34.89673788,52.18893208,2,HUAWEI-1371,14:9d:09:80:13:71,6,-82,YICarCam_02a790,58:70:c6:02:a7:90,5,-84,,,,,,,,,,,,,,,,,,,,,,,,
03/11/2017 18:54:49,GT-N7100,32.28456764,34.89698168,45.61680003,1,HUAWEI-1371,14:9d:09:80:13:71,6,-86,,,,,,,,,,,,,,,,,,,,,,,,,,,
03/11/2017 18:54:55,GT-N7100,32.28588536,34.89719752,55.06672165,1,TF-WIFI_392762,02:21:b1:15:01:15,1,-94,,,,,,,,,,,,,,,,,,,,,,,,,,,
03/11/2017 18:54:58,GT-N7100,32.28658378,34.89731911,61.41798987,2,tamara,14:ae:db:48:bc:ed,9,-91,BezeqFree,06:ae:db:48:bc:ed,9,-94,,,,,,,,,,,,,,,,,,,,,,,,
03/11/2017 18:55:04,GT-N7100,32.28803898,34.89758016,66.02383144,2,SunT-88,ac:cf:23:48:b7:ff,1,-95,Bezeq-N_ee69c0,e8:cc:18:ee:69:c1,6,-95,,,,,,,,,,,,,,,,,,,,,,,,
03/11/2017 18:55:27,GT-N7100,32.29382902,34.89868278,53.33433782,1,AndroidAP,4e:66:41:41:b9:cc,10,-89,,,,,,,,,,,,,,,,,,,,,,,,,,,
03/11/2017 18:55:51,GT-N7100,32.30012144,34.89994276,53.28686223,1,VAmezuka2.4TEST,78:d3:8d:f7:d6:26,7,-95,,,,,,,,,,,,,,,,,,,,,,,,,,,
03/11/2017 18:55:54,GT-N7100,32.30087743,34.90006465,57.84427118,1,YICarCam_fbedb2,58:70:c6:fb:ed:b2,7,-82,,,,,,,,,,,,,,,,,,,,,,,,,,,
03/11/2017 18:55:57,GT-N7100,32.30160718,34.90020355,60.51636183,1,VAmezuka2.4TEST,78:d3:8d:f7:d6:26,7,-90,,,,,,,,,,,,,,,,,,,,,,,,,,,
03/11/2017 18:56:03,GT-N7100,32.30279596,34.90042217,61.2374345,1,VAmezuka2.4TEST,78:d3:8d:f7:d6:26,7,-95,,,,,,,,,,,,,,,,,,,,,,,,,,,
03/11/2017 18:56:07,GT-N7100,32.30337739,34.90050977,64.28987325,1,VAmezuka2.4TEST,78:d3:8d:f7:d6:26,7,-90,,,,,,,,,,,,,,,,,,,,,,,,,,,
03/11/2017 18:56:30,GT-N7100,32.30532874,34.90082579,68.36407783,1,VAmezuka2.4TEST,78:d3:8d:f7:d6:26,7,-88,,,,,,,,,,,,,,,,,,,,,,,,,,,
03/11/2017 18:56:36,GT-N7100,32.30633029,34.90101908,64.45732149,1,VAmezuka2.4TEST,78:d3:8d:f7:d6:26,7,-90,,,,,,,,,,,,,,,,,,,,,,,,,,,
03/11/2017 18:56:39,GT-N7100,32.30689953,34.90114059,61.19659413,2,VAmezuka2.4TEST,78:d3:8d:f7:d6:26,7,-84,wifi in car-0889,08:97:58:33:45:1a,2,-90,,,,,,,,,,,,,,,,,,,,,,,,
03/11/2017 18:56:42,GT-N7100,32.30750336,34.90125464,58.74668812,1,VAmezuka2.4TEST,78:d3:8d:f7:d6:26,7,-72,,,,,,,,,,,,,,,,,,,,,,,,,,,
03/11/2017 18:56:48,GT-N7100,32.30886989,34.90151569,61.81943003,1,VAmezuka2.4TEST,78:d3:8d:f7:d6:26,7,-96,,,,,,,,,,,,,,,,,,,,,,,,,,,
03/11/2017 18:56:51,GT-N7100,32.30958309,34.90166879,62.83992833,1,Nordia1,00:18:25:16:6d:10,1,-89,,,,,,,,,,,,,,,,,,,,,,,,,,,
03/11/2017 18:56:54,GT-N7100,32.31030132,34.90179802,61.21863589,2,VAmezuka2.4TEST,78:d3:8d:f7:d6:26,7,-87,DIR1,dc:9f:db:32:38:95,13,-96,,,,,,,,,,,,,,,,,,,,,,,,
03/11/2017 18:56:57,GT-N7100,32.31106956,34.90193318,60.31638424,1,Nordia1,00:18:25:16:6d:10,1,-90,,,,,,,,,,,,,,,,,,,,,,,,,,,
03/11/2017 18:57:00,GT-N7100,32.31184062,34.90208508,57.90454899,2,VAmezuka2.4TEST,78:d3:8d:f7:d6:26,7,-88,GSDEMO,01:0c:cc:00:00:00,1,-74,,,,,,,,,,,,,,,,,,,,,,,,
03/11/2017 18:57:03,GT-N7100,32.31261744,34.90224322,54.02742367,2,Nordia1,00:18:25:16:6d:10,1,-93,8to9,68:72:51:0c:2b:b3,8,-97,,,,,,,,,,,,,,,,,,,,,,,,
03/11/2017 18:57:06,GT-N7100,32.31338326,34.90239448,52.78337283,1,VAmezuka2.4TEST,78:d3:8d:f7:d6:26,7,-83,,,,,,,,,,,,,,,,,,,,,,,,,,,
03/11/2017 18:57:27,GT-N7100,32.3184836,34.90337275,63.69284634,2,4to25,68:72:51:1a:4e:cf,11,-85,GanotHadar,00:18:25:16:68:b0,1,-89,,,,,,,,,,,,,,,,,,,,,,,,
03/11/2017 18:57:30,GT-N7100,32.31912788,34.90349313,62.81117454,1,GanotHadar,00:18:25:16:68:b0,1,-69,,,,,,,,,,,,,,,,,,,,,,,,,,,
03/11/2017 18:57:33,GT-N7100,32.31971458,34.90362419,60.99403435,1,4to25,68:72:51:1a:4e:cf,11,-85,,,,,,,,,,,,,,,,,,,,,,,,,,,
03/11/2017 18:57:36,GT-N7100,32.32034807,34.90374797,59.55798359,2,GanotHadar,00:18:25:16:68:b0,1,-86,Nordia4,00:18:25:16:64:00,1,-91,,,,,,,,,,,,,,,,,,,,,,,,
03/11/2017 18:57:39,GT-N7100,32.32099763,34.90390304,59.46505802,3,4to25,68:72:51:1a:4e:cf,11,-85,GanotHadar,00:18:25:16:68:b0,1,-72,,24:a4:3c:94:c0:8b,9,-95,,,,,,,,,,,,,,,,,,,,,
03/11/2017 18:57:42,GT-N7100,32.32160086,34.90405312,56.37835809,1,wifi in car-2034,08:97:58:33:4e:0c,2,-91,,,,,,,,,,,,,,,,,,,,,,,,,,,
03/11/2017 18:57:45,GT-N7100,32.32209273,34.90416358,55.26567063,1,4to25,68:72:51:1a:4e:cf,11,-87,,,,,,,,,,,,,,,,,,,,,,,,,,,
03/11/2017 18:57:51,GT-N7100,32.32280238,34.90430254,54.55150203,1,GanotHadar,00:18:25:16:68:b0,1,-89,,,,,,,,,,,,,,,,,,,,,,,,,,,
03/11/2017 18:57:54,GT-N7100,32.32298652,34.90433987,53.92140617,2,YICarCam_f621e2,58:70:c6:f6:21:e2,5,-93,YICarCam_f777f3,58:70:c6:f7:77:f3,5,-95,,,,,,,,,,,,,,,,,,,,,,,,
03/11/2017 18:57:57,GT-N7100,32.3230414,34.90435127,53.97936171,1,YICarCam_f777f3,58:70:c6:f7:77:f3,5,-90,,,,,,,,,,,,,,,,,,,,,,,,,,,
03/11/2017 18:58:34,GT-N7100,32.3230414,34.90435127,53.86386666,1,NIPPON_3608,08:97:58:32:d1:fa,3,-98,,,,,,,,,,,,,,,,,,,,,,,,,,,
03/11/2017 18:58:37,GT-N7100,32.3230414,34.90435127,53.84197161,1,NIPPON_3608,08:97:58:32:d1:fa,3,-77,,,,,,,,,,,,,,,,,,,,,,,,,,,
03/11/2017 18:58:49,GT-N7100,32.32334629,34.90436791,53.81808157,1,??????,88:83:22:6f:24:38,6,-91,,,,,,,,,,,,,,,,,,,,,,,,,,,
03/11/2017 18:58:51,GT-N7100,32.32358907,34.904408,54.25397585,1,??????,88:83:22:6f:24:38,6,-74,,,,,,,,,,,,,,,,,,,,,,,,,,,
03/11/2017 18:59:03,GT-N7100,32.3258379,34.90477071,53.59963131,1,GanotHadar,00:18:25:16:68:b0,1,-91,,,,,,,,,,,,,,,,,,,,,,,,,,,
03/11/2017 18:59:15,GT-N7100,32.32870602,34.90531411,51.73181373,1,GanotHadar,00:18:25:16:68:b0,1,-91,,,,,,,,,,,,,,,,,,,,,,,,,,,
03/11/2017 18:59:33,GT-N7100,32.33351084,34.90622865,54.31527174,1,kfar yedidia 2,00:18:25:17:21:10,1,-91,,,,,,,,,,,,,,,,,,,,,,,,,,,
03/11/2017 19:00:06,GT-N7100,32.34256937,34.90779998,36.81146183,1,GSDEMO,01:0c:cc:00:00:00,1,-94,,,,,,,,,,,,,,,,,,,,,,,,,,,
03/11/2017 19:00:15,GT-N7100,32.34421489,34.90799443,36.5792226,2,test,00:1d:aa:f2:9a:a0,6,-94,Rupin-H,00:1d:aa:0e:e2:40,8,-96,,,,,,,,,,,,,,,,,,,,,,,,
03/11/2017 19:00:18,GT-N7100,32.34434564,34.90801093,36.45694807,1,inpact,74:3e:2b:1f:74:7c,36,-89,,,,,,,,,,,,,,,,,,,,,,,,,,,
03/11/2017 19:00:22,GT-N7100,32.3443999,34.90801569,36.18089595,3,Rupin-H,00:1d:aa:0e:e2:40,8,-90,NIPPON_3608,08:97:58:32:d1:fa,3,-93,inpact,74:3e:2b:1f:ac:58,6,-95,,,,,,,,,,,,,,,,,,,,,
03/11/2017 19:00:24,GT-N7100,32.34440971,34.90801675,36.13400676,1,012-YELLOW,f8:e9:03:0f:80:0b,1,-97,,,,,,,,,,,,,,,,,,,,,,,,,,,
03/11/2017 19:00:33,GT-N7100,32.34463625,34.90804351,34.59449333,1,Rupin-H,00:1d:aa:da:5e:f8,1,-93,,,,,,,,,,,,,,,,,,,,,,,,,,,
03/11/2017 19:00:36,GT-N7100,32.3449234,34.90807039,33.63903304,6,Rupin-H,00:1d:aa:0e:e2:40,8,-81,test,00:1d:aa:f2:9a:a0,6,-76,Rupin-H,00:1d:aa:da:5e:f8,1,-88,inpact,74:3e:2b:1f:ac:5c,40,-80,inpact,74:3e:2b:1f:74:78,1,-81,Aroma B-Zone,d8:c7:c8:ce:28:30,11,-90,,,,,,,,,,,,
03/11/2017 19:00:39,GT-N7100,32.34530323,34.9081082,32.91431895,5,inpact,74:3e:2b:1f:ac:58,6,-80,012-YELLOW,f8:e9:03:0f:80:0b,1,-82,Teltonika_Router,00:1e:42:14:4f:69,8,-90,inpact,74:3e:2b:1f:aa:e8,9,-95,012_5.0,f8:e9:03:0f:80:0c,60,-85,,,,,,,,,,,,,,,
03/11/2017 19:00:42,GT-N7100,32.34574802,34.90815062,32.74460221,2,BezeqFree,06:ae:db:58:66:e5,11,-87,Rupin,48:ee:0c:3f:ab:1e,4,-88,,,,,,,,,,,,,,,,,,,,,,,,
03/11/2017 19:00:46,GT-N7100,32.34645334,34.90823122,32.5200883,2,Rupin-H,00:1d:aa:0e:e2:40,8,-96,kfar yedidia 3,00:18:25:17:1f:d0,1,-91,,,,,,,,,,,,,,,,,,,,,,,,
03/11/2017 19:00:55,GT-N7100,32.34825355,34.90830791,31.60152084,1,kfar yedidia 3,00:18:25:17:1f:d0,1,-87,,,,,,,,,,,,,,,,,,,,,,,,,,,
03/11/2017 19:00:58,GT-N7100,32.34890256,34.90829783,31.65758709,1,kfar yedidia 3,00:18:25:17:1f:d0,1,-80,,,,,,,,,,,,,,,,,,,,,,,,,,,
03/11/2017 19:01:10,GT-N7100,32.35164261,34.90822543,30.621317,1,beit halevi 2,00:18:25:17:3a:70,1,-92,,,,,,,,,,,,,,,,,,,,,,,,,,,
03/11/2017 19:01:25,GT-N7100,32.35548118,34.90834442,31.49649073,1,mhs,ec:08:6b:4b:e7:86,5,-98,,,,,,,,,,,,,,,,,,,,,,,,,,,
03/11/2017 19:01:31,GT-N7100,32.35666383,34.90844769,29.33796725,1,mhs,ec:08:6b:4b:e7:86,5,-79,,,,,,,,,,,,,,,,,,,,,,,,,,,
03/11/2017 19:02:04,GT-N7100,32.35749171,34.90851834,27.21277342,1,Bezeq Free 200A1F,62:04:15:4d:c2:37,1,-96,,,,,,,,,,,,,,,,,,,,,,,,,,,
03/11/2017 19:02:13,GT-N7100,32.35747566,34.90779086,23.87791167,2,DIR-615,c8:d3:a3:8c:71:13,2,-96,Masada__G1-2.4,c4:04:15:4d:c2:36,1,-97,,,,,,,,,,,,,,,,,,,,,,,,
03/11/2017 19:02:19,GT-N7100,32.35746243,34.90723637,19.56483883,1,mhs,ec:08:6b:4b:e7:86,5,-91,,,,,,,,,,,,,,,,,,,,,,,,,,,
03/11/2017 19:02:31,GT-N7100,32.356602,34.9070984,22.81036832,3,mhs,ec:08:6b:4b:e7:86,5,-82,luca,4e:d9:e7:a5:e2:0d,6,-94,DIRECT-80-HP DeskJet 3830 series,3c:a8:2a:c5:4c:81,6,-95,,,,,,,,,,,,,,,,,,,,,
03/11/2017 19:02:34,GT-N7100,32.35617189,34.90716555,24.4711315,2,mhs,ec:08:6b:4b:e7:86,5,-61,napmahsan,c4:12:f5:fa:1a:86,3,-83,,,,,,,,,,,,,,,,,,,,,,,,
03/11/2017 19:02:37,GT-N7100,32.35570917,34.9072356,24.76512831,2,,b4:c7:99:d1:58:60,6,-93,,84:24:8d:3d:e0:e0,1,-94,,,,,,,,,,,,,,,,,,,,,,,,
03/11/2017 19:02:40,GT-N7100,32.35520917,34.90730962,23.4083569,4,,b4:c7:99:d1:58:60,6,-79,,84:24:8d:3d:e0:e0,1,-84,Yamini,88:28:b3:8a:2a:6f,3,-94,,5c:0e:8b:7d:fd:50,11,-94,,,,,,,,,,,,,,,,,,
03/11/2017 19:02:43,GT-N7100,32.35468293,34.90740587,23.52492131,1,,84:24:8d:3d:e0:30,36,-90,,,,,,,,,,,,,,,,,,,,,,,,,,,
03/11/2017 19:02:46,GT-N7100,32.3541454,34.90748483,22.32137248,2,,b4:c7:99:d1:58:60,6,-95,beit halevi 2,00:18:25:17:3a:70,1,-83,,,,,,,,,,,,,,,,,,,,,,,,
03/11/2017 19:02:49,GT-N7100,32.35365172,34.90755161,19.1540404,1,,84:24:8d:3d:e0:e0,1,-92,,,,,,,,,,,,,,,,,,,,,,,,,,,
03/11/2017 19:03:44,GT-N7100,32.35033004,34.90424736,26.52304481,1,kfar yedidia 3,00:18:25:17:1f:d0,1,-89,,,,,,,,,,,,,,,,,,,,,,,,,,,
03/11/2017 19:03:53,GT-N7100,32.35077355,34.90305473,34.77573794,1,Blackeye-Dv,d4:6e:0e:59:a8:4a,3,-96,,,,,,,,,,,,,,,,,,,,,,,,,,,
03/11/2017 19:03:56,GT-N7100,32.35089748,34.90272893,34.15912205,1,,fa:8f:ca:51:9d:7a,11,-87,,,,,,,,,,,,,,,,,,,,,,,,,,,
03/11/2017 19:03:59,GT-N7100,32.35095127,34.90257017,33.63022165,2,irsys1948 2.4,c4:a8:1d:16:16:6d,1,-95,,fa:8f:ca:71:29:06,11,-92,,,,,,,,,,,,,,,,,,,,,,,,
03/11/2017 19:04:02,GT-N7100,32.35104163,34.90254133,34.85454206,1,HOTFiber-D313,b4:ee:b4:fe:3c:ba,11,-91,,,,,,,,,,,,,,,,,,,,,,,,,,,
03/11/2017 19:04:07,GT-N7100,32.351343,34.90270283,40.14045132,3,Rdevries,30:b5:c2:ea:00:2a,1,-91,edna,c4:12:f5:f9:0c:5e,1,-92,HP-Print-CD-Officejet Pro 8600,2c:59:e5:f2:e2:cd,6,-93,,,,,,,,,,,,,,,,,,,,,
03/11/2017 19:04:13,GT-N7100,32.35161144,34.9028415,39.36090753,4,Rdevries,30:b5:c2:ea:00:2a,1,-86,living room,14:91:82:52:b5:6c,8,-93,Tayland,f8:1a:67:c2:48:1e,9,-93,HOTBOX,7c:b7:33:c0:01:ac,6,-94,,,,,,,,,,,,,,,,,,
03/11/2017 19:04:16,GT-N7100,32.35179236,34.90294305,39.38303664,1,rafi,c0:ac:54:f8:4c:b6,1,-95,,,,,,,,,,,,,,,,,,,,,,,,,,,
03/11/2017 19:04:19,GT-N7100,32.35197732,34.9030338,39.38291433,1,TP-LINK,00:1d:0f:c4:df:8a,6,-96,,,,,,,,,,,,,,,,,,,,,,,,,,,
03/11/2017 19:04:22,GT-N7100,32.35217754,34.90309636,41.28542156,3,Isreali,18:1e:78:fb:d3:7d,13,-93,Isreali,18:1e:78:fb:d3:eb,1,-96,Isreali,54:64:d9:5f:70:a3,1,-96,,,,,,,,,,,,,,,,,,,,,
03/11/2017 19:04:25,GT-N7100,32.35228713,34.90312679,41.1463245,2,shelef,14:ae:db:43:ef:cd,6,-92,hotbox 1,c0:ac:54:f8:bc:0e,1,-94,,,,,,,,,,,,,,,,,,,,,,,,
03/11/2017 19:04:34,GT-N7100,32.3523596,34.90346826,44.34539763,1,hotbox 1,c0:ac:54:f8:bc:0e,1,-85,,,,,,,,,,,,,,,,,,,,,,,,,,,
03/11/2017 19:04:36,GT-N7100,32.35239628,34.9035502,44.24022957,2,HOTBOX-0E86,c0:ac:54:f8:d8:a8,11,-87,TRAMP,b4:ee:b4:8c:cc:67,1,-95,,,,,,,,,,,,,,,,,,,,,,,,
03/11/2017 19:04:39,GT-N7100,32.3524922,34.90367524,43.44439606,1,NETGEAR75,18:a6:f7:8a:a9:de,6,-95,,,,,,,,,,,,,,,,,,,,,,,,,,,
03/11/2017 19:04:40,GT-N7100,32.35251874,34.90370889,43.17483206,3,HOTBOX-1A32,6c:2e:85:fe:ba:ad,1,-93,HOTBOX-215C,7c:b7:33:2e:21:62,6,-93,BAP,06:d6:aa:05:82:21,11,-94,,,,,,,,,,,,,,,,,,,,,
03/11/2017 19:04:48,GT-N7100,32.35263749,34.90382144,42.78715147,2,NETGEAR75,18:a6:f7:8a:a9:de,6,-90,NETGEAR75,2c:30:33:dc:68:bf,6,-92,,,,,,,,,,,,,,,,,,,,,,,,
